"","X","path_length_microns","neurite_number","path_length_sum","neurite_per_sum","morphological_long_axon_present","morphological_short_axon_present","date","cell","condition","timepoint"
"1",1,96.8904376365735,1,224.326848103327,0.431916368708328,TRUE,TRUE,"plated_03-06-23","e254a_003","E254A",1
"2",2,35.2940836646362,2,224.326848103327,0.157333301666947,FALSE,FALSE,"plated_03-06-23","e254a_003","E254A",1
"3",3,14.5901875828257,3,224.326848103327,0.0650398635124822,FALSE,FALSE,"plated_03-06-23","e254a_003","E254A",1
"4",4,12.1113047045717,4,224.326848103327,0.053989546088541,FALSE,FALSE,"plated_03-06-23","e254a_003","E254A",1
"5",5,12.0434535743739,5,224.326848103327,0.0536870805978009,FALSE,FALSE,"plated_03-06-23","e254a_003","E254A",1
"6",6,11.7444348160913,6,224.326848103327,0.0523541204068528,FALSE,FALSE,"plated_03-06-23","e254a_003","E254A",1
"7",7,10.4434535743739,7,224.326848103327,0.0465546307215247,FALSE,FALSE,"plated_03-06-23","e254a_003","E254A",1
"8",8,10.4346681256081,8,224.326848103327,0.0465154671134227,FALSE,FALSE,"plated_03-06-23","e254a_003","E254A",1
"9",9,8,9,224.326848103327,0.0356622493813809,FALSE,FALSE,"plated_03-06-23","e254a_003","E254A",1
"10",10,7.70260701622673,10,224.326848103327,0.0343365365374315,FALSE,FALSE,"plated_03-06-23","e254a_003","E254A",1
"11",11,5.07221740804568,11,224.326848103327,0.0226108352652884,FALSE,FALSE,"plated_03-06-23","e254a_003","E254A",1
"12",12,149.837450583832,1,347.413486464871,0.431294283099119,TRUE,TRUE,"plated_03-06-23","e254a_004","E254A",1
"13",13,93.6257334533415,2,347.413486464871,0.269493664181078,TRUE,TRUE,"plated_03-06-23","e254a_004","E254A",1
"14",14,20.8524036875317,3,347.413486464871,0.0600218601175121,FALSE,FALSE,"plated_03-06-23","e254a_004","E254A",1
"15",15,19,4,347.413486464871,0.0546898745737701,FALSE,FALSE,"plated_03-06-23","e254a_004","E254A",1
"16",16,9.59215006626058,5,347.413486464871,0.0276101833692933,FALSE,FALSE,"plated_03-06-23","e254a_004","E254A",1
"17",17,7.88618160967538,6,347.413486464871,0.02269969911048,FALSE,FALSE,"plated_03-06-23","e254a_004","E254A",1
"18",18,5.68365559972927,7,347.413486464871,0.0163599164141947,FALSE,FALSE,"plated_03-06-23","e254a_004","E254A",1
"19",19,4.15228474983079,8,347.413486464871,0.0119519964296223,FALSE,FALSE,"plated_03-06-23","e254a_004","E254A",1
"20",20,3.62842712474619,9,347.413486464871,0.0104441170711808,FALSE,FALSE,"plated_03-06-23","e254a_004","E254A",1
"21",21,3.3846368414467,10,347.413486464871,0.00974238759665692,FALSE,FALSE,"plated_03-06-23","e254a_004","E254A",1
"22",22,3.1408465581472,11,347.413486464871,0.00904065812213305,FALSE,FALSE,"plated_03-06-23","e254a_004","E254A",1
"23",23,3.03038960818104,12,347.413486464871,0.00872271724110934,FALSE,FALSE,"plated_03-06-23","e254a_004","E254A",1
"24",24,2.95228474983079,13,347.413486464871,0.00849789908812107,FALSE,FALSE,"plated_03-06-23","e254a_004","E254A",1
"25",25,2.76372294151438,14,347.413486464871,0.00795514005410908,FALSE,FALSE,"plated_03-06-23","e254a_004","E254A",1
"26",26,2.68561808316413,15,347.413486464871,0.0077303219011208,FALSE,FALSE,"plated_03-06-23","e254a_004","E254A",1
"27",27,2.62091389993232,16,347.413486464871,0.00754407644504997,FALSE,FALSE,"plated_03-06-23","e254a_004","E254A",1
"28",28,2.55228474983079,17,347.413486464871,0.00734653330762064,FALSE,FALSE,"plated_03-06-23","e254a_004","E254A",1
"29",29,2.51045694996617,18,347.413486464871,0.00722613556402628,FALSE,FALSE,"plated_03-06-23","e254a_004","E254A",1
"30",30,2.0647041832318,19,347.413486464871,0.00594307435857293,FALSE,FALSE,"plated_03-06-23","e254a_004","E254A",1
"31",31,1.96372294151438,20,347.413486464871,0.00565240849310823,FALSE,FALSE,"plated_03-06-23","e254a_004","E254A",1
"32",32,1.79803751656514,21,347.413486464871,0.00517549717157267,FALSE,FALSE,"plated_03-06-23","e254a_004","E254A",1
"33",33,1.68758056659899,22,347.413486464871,0.00485755629054898,FALSE,FALSE,"plated_03-06-23","e254a_004","E254A",1
"34",34,35.39898987,1,71.58457907,0.494505804600521,FALSE,FALSE,"plated_03-06-23","e254a_005","E254A",1
"35",35,23.90782105,2,71.58457907,0.333980046549151,FALSE,FALSE,"plated_03-06-23","e254a_005","E254A",1
"36",36,5.706531983,3,71.58457907,0.0797173365707688,FALSE,FALSE,"plated_03-06-23","e254a_005","E254A",1
"37",37,3.4627417,4,71.58457907,0.0483727325771366,FALSE,FALSE,"plated_03-06-23","e254a_005","E254A",1
"38",38,3.108494467,5,71.58457907,0.0434240797024219,FALSE,FALSE,"plated_03-06-23","e254a_005","E254A",1
"39",39,27.05259257,1,84.569215911,0.31988699763363,FALSE,FALSE,"plated_03-06-23","e254a_006","E254A",1
"40",40,9.780711875,2,84.569215911,0.11565333519579,FALSE,FALSE,"plated_03-06-23","e254a_006","E254A",1
"41",41,9.776786908,3,84.569215911,0.115606923898751,FALSE,FALSE,"plated_03-06-23","e254a_006","E254A",1
"42",42,7.403588258,4,84.569215911,0.0875447191776199,FALSE,FALSE,"plated_03-06-23","e254a_006","E254A",1
"43",43,7.2836556,5,84.569215911,0.0861265594287319,FALSE,FALSE,"plated_03-06-23","e254a_006","E254A",1
"44",44,7.17319865,6,84.569215911,0.0848204464559423,FALSE,FALSE,"plated_03-06-23","e254a_006","E254A",1
"45",45,6.906531983,7,84.569215911,0.0816672108000668,FALSE,FALSE,"plated_03-06-23","e254a_006","E254A",1
"46",46,2.763722942,8,84.569215911,0.0326800114229334,FALSE,FALSE,"plated_03-06-23","e254a_006","E254A",1
"47",47,2.487580567,9,84.569215911,0.0294147289909594,FALSE,FALSE,"plated_03-06-23","e254a_006","E254A",1
"48",48,2.386599325,10,84.569215911,0.0282206627942683,FALSE,FALSE,"plated_03-06-23","e254a_006","E254A",1
"49",49,1.554247233,11,84.569215911,0.0183784042013075,FALSE,FALSE,"plated_03-06-23","e254a_006","E254A",1
"50",50,27.616652224137,1,58.8728330557782,0.469089914493702,FALSE,FALSE,"plated_03-06-23","e254a_007","E254A",1
"51",51,25.2735064736294,2,58.8728330557782,0.429289795680197,FALSE,FALSE,"plated_03-06-23","e254a_007","E254A",1
"52",52,2.76372294151438,3,58.8728330557782,0.0469439433787046,FALSE,FALSE,"plated_03-06-23","e254a_007","E254A",1
"53",53,1.8761423749154,4,58.8728330557782,0.0318677100716025,FALSE,FALSE,"plated_03-06-23","e254a_007","E254A",1
"54",54,1.34280904158206,5,58.8728330557782,0.0228086363757938,FALSE,FALSE,"plated_03-06-23","e254a_007","E254A",1
"55",55,105.004819553409,1,273.09161116192,0.384504009869239,TRUE,TRUE,"plated_03-06-23","e254a_008","E254A",1
"56",56,61.7280615307614,2,273.09161116192,0.226034264722111,TRUE,TRUE,"plated_03-06-23","e254a_008","E254A",1
"57",57,14.4624049908714,3,273.09161116192,0.0529580712103837,FALSE,FALSE,"plated_03-06-23","e254a_008","E254A",1
"58",58,13.0833188908037,4,273.09161116192,0.0479081683803403,FALSE,FALSE,"plated_03-06-23","e254a_008","E254A",1
"59",59,9.2016257745093,5,273.09161116192,0.0336942820592666,FALSE,FALSE,"plated_03-06-23","e254a_008","E254A",1
"60",60,8.13495910784263,6,273.09161116192,0.0297883888605399,FALSE,FALSE,"plated_03-06-23","e254a_008","E254A",1
"61",61,7.30260701622674,7,273.09161116192,0.0267405028853007,FALSE,FALSE,"plated_03-06-23","e254a_008","E254A",1
"62",62,6.69509379141285,8,273.09161116192,0.0245159262231722,FALSE,FALSE,"plated_03-06-23","e254a_008","E254A",1
"63",63,6.50653198309645,9,273.09161116192,0.0238254553313197,FALSE,FALSE,"plated_03-06-23","e254a_008","E254A",1
"64",64,5.98267435801184,10,273.09161116192,0.021907206642333,FALSE,FALSE,"plated_03-06-23","e254a_008","E254A",1
"65",65,5.88169311629442,11,273.09161116192,0.0215374360686864,FALSE,FALSE,"plated_03-06-23","e254a_008","E254A",1
"66",66,5.73888407471235,12,273.09161116192,0.0210145015084688,FALSE,FALSE,"plated_03-06-23","e254a_008","E254A",1
"67",67,5.43038960818106,13,273.09161116192,0.0198848642222162,FALSE,FALSE,"plated_03-06-23","e254a_008","E254A",1
"68",68,5.0169889330626,14,273.09161116192,0.0183710840172529,FALSE,FALSE,"plated_03-06-23","e254a_008","E254A",1
"69",69,4.82842712474619,15,273.09161116192,0.0176806131254004,FALSE,FALSE,"plated_03-06-23","e254a_008","E254A",1
"70",70,4.66274169979695,16,273.09161116192,0.0170739103993654,FALSE,FALSE,"plated_03-06-23","e254a_008","E254A",1
"71",71,3.43038960818102,17,273.09161116192,0.0125613144746035,FALSE,FALSE,"plated_03-06-23","e254a_008","E254A",1
"72",72,23.4068398069627,1,81.0110437126395,0.288933937081356,FALSE,FALSE,"plated_03-06-23","e254a_009","E254A",1
"73",73,15.4872438576735,2,81.0110437126395,0.191174476317198,FALSE,FALSE,"plated_03-06-23","e254a_009","E254A",1
"74",74,15.3310341409729,3,81.0110437126395,0.189246224198207,FALSE,FALSE,"plated_03-06-23","e254a_009","E254A",1
"75",75,14.9728619408375,4,81.0110437126395,0.184824947990411,FALSE,FALSE,"plated_03-06-23","e254a_009","E254A",1
"76",76,11.8130639661929,5,81.0110437126395,0.145820414412829,FALSE,FALSE,"plated_03-06-23","e254a_009","E254A",1
"77",77,88.01855694,1,121.472775288,0.72459492862756,TRUE,TRUE,"plated_03-06-23","e254a_010_cell1","E254A",1
"78",78,11.9882251,2,121.472775288,0.0986906331198665,FALSE,FALSE,"plated_03-06-23","e254a_010_cell1","E254A",1
"79",79,10.19966329,3,121.472775288,0.0839666605609167,FALSE,FALSE,"plated_03-06-23","e254a_010_cell1","E254A",1
"80",80,7.003588258,4,121.472775288,0.0576556207050936,FALSE,FALSE,"plated_03-06-23","e254a_010_cell1","E254A",1
"81",81,4.2627417,5,121.472775288,0.0350921569865631,FALSE,FALSE,"plated_03-06-23","e254a_010_cell1","E254A",1
"82",82,37.1149975645685,1,79.3881673292724,0.467512965888599,FALSE,FALSE,"plated_03-06-23","e254a_010_cell2","E254A",1
"83",83,22.1176334658545,2,79.3881673292724,0.278601134273812,FALSE,FALSE,"plated_03-06-23","e254a_010_cell2","E254A",1
"84",84,3.7522847498308,3,79.3881673292724,0.0472650380536904,FALSE,FALSE,"plated_03-06-23","e254a_010_cell2","E254A",1
"85",85,3.61895141649746,4,79.3881673292724,0.0455855266375833,FALSE,FALSE,"plated_03-06-23","e254a_010_cell2","E254A",1
"86",86,2.98463684144669,5,79.3881673292724,0.0375954873610765,FALSE,FALSE,"plated_03-06-23","e254a_010_cell2","E254A",1
"87",87,2.89705627484771,6,79.3881673292724,0.0364922931503356,FALSE,FALSE,"plated_03-06-23","e254a_010_cell2","E254A",1
"88",88,2.74084655814722,7,79.3881673292724,0.0345246231315457,FALSE,FALSE,"plated_03-06-23","e254a_010_cell2","E254A",1
"89",89,2.5522847498308,8,79.3881673292724,0.0321494353087265,FALSE,FALSE,"plated_03-06-23","e254a_010_cell2","E254A",1
"90",90,1.60947570824874,9,79.3881673292724,0.0202734961946311,FALSE,FALSE,"plated_03-06-23","e254a_010_cell2","E254A",1
"91",91,100.0391341,1,230.747513034,0.433543715313021,TRUE,TRUE,"plated_03-06-23","e254a_011","E254A",1
"92",92,18.09083212,2,230.747513034,0.0784009841845375,FALSE,FALSE,"plated_03-06-23","e254a_011","E254A",1
"93",93,11.82809042,3,230.747513034,0.0512598825637491,FALSE,FALSE,"plated_03-06-23","e254a_011","E254A",1
"94",94,11.47384318,4,230.747513034,0.0497246667109663,FALSE,FALSE,"plated_03-06-23","e254a_011","E254A",1
"95",95,5.693131308,5,230.747513034,0.0246725576069855,FALSE,FALSE,"plated_03-06-23","e254a_011","E254A",1
"96",96,5.596075033,6,230.747513034,0.0242519408309958,FALSE,FALSE,"plated_03-06-23","e254a_011","E254A",1
"97",97,4.851303508,7,230.747513034,0.0210242938015335,FALSE,FALSE,"plated_03-06-23","e254a_011","E254A",1
"98",98,4.736921591,8,230.747513034,0.0205285921772948,FALSE,FALSE,"plated_03-06-23","e254a_011","E254A",1
"99",99,4.607513225,9,230.747513034,0.0199677698121977,FALSE,FALSE,"plated_03-06-23","e254a_011","E254A",1
"100",100,4.4836556,10,230.747513034,0.0194310029219658,FALSE,FALSE,"plated_03-06-23","e254a_011","E254A",1
"101",101,4.2627417,11,230.747513034,0.0184736192557443,FALSE,FALSE,"plated_03-06-23","e254a_011","E254A",1
"102",102,4.230389608,12,230.747513034,0.0183334136623031,FALSE,FALSE,"plated_03-06-23","e254a_011","E254A",1
"103",103,4.207513225,13,230.747513034,0.0182342733391889,FALSE,FALSE,"plated_03-06-23","e254a_011","E254A",1
"104",104,4.161760458,14,230.747513034,0.0180359926886266,FALSE,FALSE,"plated_03-06-23","e254a_011","E254A",1
"105",105,3.917970175,15,230.747513034,0.0169794686992908,FALSE,FALSE,"plated_03-06-23","e254a_011","E254A",1
"106",106,3.908494467,16,230.747513034,0.0169384034332977,FALSE,FALSE,"plated_03-06-23","e254a_011","E254A",1
"107",107,3.807513225,17,230.747513034,0.01650077686618,FALSE,FALSE,"plated_03-06-23","e254a_011","E254A",1
"108",108,3.651303508,18,230.747513034,0.015823804382507,FALSE,FALSE,"plated_03-06-23","e254a_011","E254A",1
"109",109,3.117970175,19,230.747513034,0.0135124757532731,FALSE,FALSE,"plated_03-06-23","e254a_011","E254A",1
"110",110,2.887580567,20,230.747513034,0.0125140268210584,FALSE,FALSE,"plated_03-06-23","e254a_011","E254A",1
"111",111,2.818951416,21,230.747513034,0.0122166058430482,FALSE,FALSE,"plated_03-06-23","e254a_011","E254A",1
"112",112,2.676142375,22,230.747513034,0.01159770842083,FALSE,FALSE,"plated_03-06-23","e254a_011","E254A",1
"113",113,2.630389608,23,230.747513034,0.0113994277702678,FALSE,FALSE,"plated_03-06-23","e254a_011","E254A",1
"114",114,2.598037517,24,230.747513034,0.0112592221811603,FALSE,FALSE,"plated_03-06-23","e254a_011","E254A",1
"115",115,2.2209139,25,230.747513034,0.00962486603126576,FALSE,FALSE,"plated_03-06-23","e254a_011","E254A",1
"116",116,2.198037517,26,230.747513034,0.00952572570815151,FALSE,FALSE,"plated_03-06-23","e254a_011","E254A",1
"117",117,1.8209139,27,230.747513034,0.00789136955825692,FALSE,FALSE,"plated_03-06-23","e254a_011","E254A",1
"118",118,1.554247233,28,230.747513034,0.00673570524147312,FALSE,FALSE,"plated_03-06-23","e254a_011","E254A",1
"119",119,1.4209139,29,230.747513034,0.00615787308524808,FALSE,FALSE,"plated_03-06-23","e254a_011","E254A",1
"120",120,1.255228475,30,230.747513034,0.00543983533558191,FALSE,FALSE,"plated_03-06-23","e254a_011","E254A",1
"121",121,83.38261659,1,347.270302787,0.240108687442655,TRUE,TRUE,"plated_03-06-23","e254a_012","E254A",1
"122",122,72.75385275,2,347.270302787,0.209502085741619,TRUE,TRUE,"plated_03-06-23","e254a_012","E254A",1
"123",123,32.64866761,3,347.270302787,0.0940151442492485,FALSE,FALSE,"plated_03-06-23","e254a_012","E254A",1
"124",124,21.50619527,4,347.270302787,0.0619292669065081,FALSE,FALSE,"plated_03-06-23","e254a_012","E254A",1
"125",125,19.29475708,5,347.270302787,0.0555612067175077,FALSE,FALSE,"plated_03-06-23","e254a_012","E254A",1
"126",126,16.38267436,6,347.270302787,0.047175569660065,FALSE,FALSE,"plated_03-06-23","e254a_012","E254A",1
"127",127,14.43560364,7,347.270302787,0.0415687823696636,FALSE,FALSE,"plated_03-06-23","e254a_012","E254A",1
"128",128,12.17678691,8,347.270302787,0.0350642908773823,FALSE,FALSE,"plated_03-06-23","e254a_012","E254A",1
"129",129,12.14443482,9,347.270302787,0.0349711297583913,FALSE,FALSE,"plated_03-06-23","e254a_012","E254A",1
"130",130,11.3254834,10,347.270302787,0.0326128762209377,FALSE,FALSE,"plated_03-06-23","e254a_012","E254A",1
"131",131,8.291168825,11,347.270302787,0.023875260160341,FALSE,FALSE,"plated_03-06-23","e254a_012","E254A",1
"132",132,8.066329958,12,347.270302787,0.02322781387658,FALSE,FALSE,"plated_03-06-23","e254a_012","E254A",1
"133",133,7.091168825,13,347.270302787,0.0204197386534068,FALSE,FALSE,"plated_03-06-23","e254a_012","E254A",1
"134",134,5.914045208,14,347.270302787,0.0170300920076872,FALSE,FALSE,"plated_03-06-23","e254a_012","E254A",1
"135",135,4.740846558,15,347.270302787,0.0136517477018696,FALSE,FALSE,"plated_03-06-23","e254a_012","E254A",1
"136",136,4.418951416,16,347.270302787,0.0127248180467375,FALSE,FALSE,"plated_03-06-23","e254a_012","E254A",1
"137",137,4.249341025,17,347.270302787,0.0122364077518208,FALSE,FALSE,"plated_03-06-23","e254a_012","E254A",1
"138",138,3.508494467,18,347.270302787,0.0101030650730649,FALSE,FALSE,"plated_03-06-23","e254a_012","E254A",1
"139",139,3.4627417,19,347.270302787,0.00997131534775633,FALSE,FALSE,"plated_03-06-23","e254a_012","E254A",1
"140",140,1.476142375,20,347.270302787,0.00425070143675775,FALSE,FALSE,"plated_03-06-23","e254a_012","E254A",1
"141",141,30.2486676068274,1,75.1806541044584,0.402346427643458,FALSE,FALSE,"plated_03-06-23","e254a_013","E254A",1
"142",142,13.1708994574027,2,75.1806541044584,0.175190008843267,FALSE,FALSE,"plated_03-06-23","e254a_013","E254A",1
"143",143,12.0663299577411,3,75.1806541044584,0.160497804940294,FALSE,FALSE,"plated_03-06-23","e254a_013","E254A",1
"144",144,11.6663299577411,4,75.1806541044584,0.155177287251738,FALSE,FALSE,"plated_03-06-23","e254a_013","E254A",1
"145",145,8.0284271247462,5,75.1806541044584,0.106788471321242,FALSE,FALSE,"plated_03-06-23","e254a_013","E254A",1
"146",146,69.94667624,1,149.256738713,0.468633288139156,TRUE,TRUE,"plated_03-06-23","e254a_014","E254A",1
"147",147,38.31892253,2,149.256738713,0.256731607969018,FALSE,FALSE,"plated_03-06-23","e254a_014","E254A",1
"148",148,24.02775371,3,149.256738713,0.160982706155747,FALSE,FALSE,"plated_03-06-23","e254a_014","E254A",1
"149",149,8.19411255,4,149.256738713,0.0548994478953218,FALSE,FALSE,"plated_03-06-23","e254a_014","E254A",1
"150",150,3.775161133,5,149.256738713,0.0252930699514955,FALSE,FALSE,"plated_03-06-23","e254a_014","E254A",1
"151",151,2.630389608,6,149.256738713,0.0176232552759837,FALSE,FALSE,"plated_03-06-23","e254a_014","E254A",1
"152",152,2.363722942,7,149.256738713,0.0158366246132787,FALSE,FALSE,"plated_03-06-23","e254a_014","E254A",1
"153",1,96.8904376365735,1,224.326848103327,0.431916368708328,TRUE,TRUE,"plated_03-06-23","e254a_003","E254A",1
"154",2,35.2940836646362,2,224.326848103327,0.157333301666947,FALSE,FALSE,"plated_03-06-23","e254a_003","E254A",1
"155",3,14.5901875828257,3,224.326848103327,0.0650398635124822,FALSE,FALSE,"plated_03-06-23","e254a_003","E254A",1
"156",4,12.1113047045717,4,224.326848103327,0.053989546088541,FALSE,FALSE,"plated_03-06-23","e254a_003","E254A",1
"157",5,12.0434535743739,5,224.326848103327,0.0536870805978009,FALSE,FALSE,"plated_03-06-23","e254a_003","E254A",1
"158",6,11.7444348160913,6,224.326848103327,0.0523541204068528,FALSE,FALSE,"plated_03-06-23","e254a_003","E254A",1
"159",7,10.4434535743739,7,224.326848103327,0.0465546307215247,FALSE,FALSE,"plated_03-06-23","e254a_003","E254A",1
"160",8,10.4346681256081,8,224.326848103327,0.0465154671134227,FALSE,FALSE,"plated_03-06-23","e254a_003","E254A",1
"161",9,8,9,224.326848103327,0.0356622493813809,FALSE,FALSE,"plated_03-06-23","e254a_003","E254A",1
"162",10,7.70260701622673,10,224.326848103327,0.0343365365374315,FALSE,FALSE,"plated_03-06-23","e254a_003","E254A",1
"163",11,5.07221740804568,11,224.326848103327,0.0226108352652884,FALSE,FALSE,"plated_03-06-23","e254a_003","E254A",1
"164",12,149.837450583832,1,347.413486464871,0.431294283099119,TRUE,TRUE,"plated_03-06-23","e254a_004","E254A",1
"165",13,93.6257334533415,2,347.413486464871,0.269493664181078,TRUE,TRUE,"plated_03-06-23","e254a_004","E254A",1
"166",14,20.8524036875317,3,347.413486464871,0.0600218601175121,FALSE,FALSE,"plated_03-06-23","e254a_004","E254A",1
"167",15,19,4,347.413486464871,0.0546898745737701,FALSE,FALSE,"plated_03-06-23","e254a_004","E254A",1
"168",16,9.59215006626058,5,347.413486464871,0.0276101833692933,FALSE,FALSE,"plated_03-06-23","e254a_004","E254A",1
"169",17,7.88618160967538,6,347.413486464871,0.02269969911048,FALSE,FALSE,"plated_03-06-23","e254a_004","E254A",1
"170",18,5.68365559972927,7,347.413486464871,0.0163599164141947,FALSE,FALSE,"plated_03-06-23","e254a_004","E254A",1
"171",19,4.15228474983079,8,347.413486464871,0.0119519964296223,FALSE,FALSE,"plated_03-06-23","e254a_004","E254A",1
"172",20,3.62842712474619,9,347.413486464871,0.0104441170711808,FALSE,FALSE,"plated_03-06-23","e254a_004","E254A",1
"173",21,3.3846368414467,10,347.413486464871,0.00974238759665692,FALSE,FALSE,"plated_03-06-23","e254a_004","E254A",1
"174",22,3.1408465581472,11,347.413486464871,0.00904065812213305,FALSE,FALSE,"plated_03-06-23","e254a_004","E254A",1
"175",23,3.03038960818104,12,347.413486464871,0.00872271724110934,FALSE,FALSE,"plated_03-06-23","e254a_004","E254A",1
"176",24,2.95228474983079,13,347.413486464871,0.00849789908812107,FALSE,FALSE,"plated_03-06-23","e254a_004","E254A",1
"177",25,2.76372294151438,14,347.413486464871,0.00795514005410908,FALSE,FALSE,"plated_03-06-23","e254a_004","E254A",1
"178",26,2.68561808316413,15,347.413486464871,0.0077303219011208,FALSE,FALSE,"plated_03-06-23","e254a_004","E254A",1
"179",27,2.62091389993232,16,347.413486464871,0.00754407644504997,FALSE,FALSE,"plated_03-06-23","e254a_004","E254A",1
"180",28,2.55228474983079,17,347.413486464871,0.00734653330762064,FALSE,FALSE,"plated_03-06-23","e254a_004","E254A",1
"181",29,2.51045694996617,18,347.413486464871,0.00722613556402628,FALSE,FALSE,"plated_03-06-23","e254a_004","E254A",1
"182",30,2.0647041832318,19,347.413486464871,0.00594307435857293,FALSE,FALSE,"plated_03-06-23","e254a_004","E254A",1
"183",31,1.96372294151438,20,347.413486464871,0.00565240849310823,FALSE,FALSE,"plated_03-06-23","e254a_004","E254A",1
"184",32,1.79803751656514,21,347.413486464871,0.00517549717157267,FALSE,FALSE,"plated_03-06-23","e254a_004","E254A",1
"185",33,1.68758056659899,22,347.413486464871,0.00485755629054898,FALSE,FALSE,"plated_03-06-23","e254a_004","E254A",1
"186",34,35.39898987,1,71.58457907,0.494505804600521,FALSE,FALSE,"plated_03-06-23","e254a_005","E254A",1
"187",35,23.90782105,2,71.58457907,0.333980046549151,FALSE,FALSE,"plated_03-06-23","e254a_005","E254A",1
"188",36,5.706531983,3,71.58457907,0.0797173365707688,FALSE,FALSE,"plated_03-06-23","e254a_005","E254A",1
"189",37,3.4627417,4,71.58457907,0.0483727325771366,FALSE,FALSE,"plated_03-06-23","e254a_005","E254A",1
"190",38,3.108494467,5,71.58457907,0.0434240797024219,FALSE,FALSE,"plated_03-06-23","e254a_005","E254A",1
"191",39,27.05259257,1,84.569215911,0.31988699763363,FALSE,FALSE,"plated_03-06-23","e254a_006","E254A",1
"192",40,9.780711875,2,84.569215911,0.11565333519579,FALSE,FALSE,"plated_03-06-23","e254a_006","E254A",1
"193",41,9.776786908,3,84.569215911,0.115606923898751,FALSE,FALSE,"plated_03-06-23","e254a_006","E254A",1
"194",42,7.403588258,4,84.569215911,0.0875447191776199,FALSE,FALSE,"plated_03-06-23","e254a_006","E254A",1
"195",43,7.2836556,5,84.569215911,0.0861265594287319,FALSE,FALSE,"plated_03-06-23","e254a_006","E254A",1
"196",44,7.17319865,6,84.569215911,0.0848204464559423,FALSE,FALSE,"plated_03-06-23","e254a_006","E254A",1
"197",45,6.906531983,7,84.569215911,0.0816672108000668,FALSE,FALSE,"plated_03-06-23","e254a_006","E254A",1
"198",46,2.763722942,8,84.569215911,0.0326800114229334,FALSE,FALSE,"plated_03-06-23","e254a_006","E254A",1
"199",47,2.487580567,9,84.569215911,0.0294147289909594,FALSE,FALSE,"plated_03-06-23","e254a_006","E254A",1
"200",48,2.386599325,10,84.569215911,0.0282206627942683,FALSE,FALSE,"plated_03-06-23","e254a_006","E254A",1
"201",49,1.554247233,11,84.569215911,0.0183784042013075,FALSE,FALSE,"plated_03-06-23","e254a_006","E254A",1
"202",50,27.616652224137,1,58.8728330557782,0.469089914493702,FALSE,FALSE,"plated_03-06-23","e254a_007","E254A",1
"203",51,25.2735064736294,2,58.8728330557782,0.429289795680197,FALSE,FALSE,"plated_03-06-23","e254a_007","E254A",1
"204",52,2.76372294151438,3,58.8728330557782,0.0469439433787046,FALSE,FALSE,"plated_03-06-23","e254a_007","E254A",1
"205",53,1.8761423749154,4,58.8728330557782,0.0318677100716025,FALSE,FALSE,"plated_03-06-23","e254a_007","E254A",1
"206",54,1.34280904158206,5,58.8728330557782,0.0228086363757938,FALSE,FALSE,"plated_03-06-23","e254a_007","E254A",1
"207",55,105.004819553409,1,273.09161116192,0.384504009869239,TRUE,TRUE,"plated_03-06-23","e254a_008","E254A",1
"208",56,61.7280615307614,2,273.09161116192,0.226034264722111,TRUE,TRUE,"plated_03-06-23","e254a_008","E254A",1
"209",57,14.4624049908714,3,273.09161116192,0.0529580712103837,FALSE,FALSE,"plated_03-06-23","e254a_008","E254A",1
"210",58,13.0833188908037,4,273.09161116192,0.0479081683803403,FALSE,FALSE,"plated_03-06-23","e254a_008","E254A",1
"211",59,9.2016257745093,5,273.09161116192,0.0336942820592666,FALSE,FALSE,"plated_03-06-23","e254a_008","E254A",1
"212",60,8.13495910784263,6,273.09161116192,0.0297883888605399,FALSE,FALSE,"plated_03-06-23","e254a_008","E254A",1
"213",61,7.30260701622674,7,273.09161116192,0.0267405028853007,FALSE,FALSE,"plated_03-06-23","e254a_008","E254A",1
"214",62,6.69509379141285,8,273.09161116192,0.0245159262231722,FALSE,FALSE,"plated_03-06-23","e254a_008","E254A",1
"215",63,6.50653198309645,9,273.09161116192,0.0238254553313197,FALSE,FALSE,"plated_03-06-23","e254a_008","E254A",1
"216",64,5.98267435801184,10,273.09161116192,0.021907206642333,FALSE,FALSE,"plated_03-06-23","e254a_008","E254A",1
"217",65,5.88169311629442,11,273.09161116192,0.0215374360686864,FALSE,FALSE,"plated_03-06-23","e254a_008","E254A",1
"218",66,5.73888407471235,12,273.09161116192,0.0210145015084688,FALSE,FALSE,"plated_03-06-23","e254a_008","E254A",1
"219",67,5.43038960818106,13,273.09161116192,0.0198848642222162,FALSE,FALSE,"plated_03-06-23","e254a_008","E254A",1
"220",68,5.0169889330626,14,273.09161116192,0.0183710840172529,FALSE,FALSE,"plated_03-06-23","e254a_008","E254A",1
"221",69,4.82842712474619,15,273.09161116192,0.0176806131254004,FALSE,FALSE,"plated_03-06-23","e254a_008","E254A",1
"222",70,4.66274169979695,16,273.09161116192,0.0170739103993654,FALSE,FALSE,"plated_03-06-23","e254a_008","E254A",1
"223",71,3.43038960818102,17,273.09161116192,0.0125613144746035,FALSE,FALSE,"plated_03-06-23","e254a_008","E254A",1
"224",72,23.4068398069627,1,81.0110437126395,0.288933937081356,FALSE,FALSE,"plated_03-06-23","e254a_009","E254A",1
"225",73,15.4872438576735,2,81.0110437126395,0.191174476317198,FALSE,FALSE,"plated_03-06-23","e254a_009","E254A",1
"226",74,15.3310341409729,3,81.0110437126395,0.189246224198207,FALSE,FALSE,"plated_03-06-23","e254a_009","E254A",1
"227",75,14.9728619408375,4,81.0110437126395,0.184824947990411,FALSE,FALSE,"plated_03-06-23","e254a_009","E254A",1
"228",76,11.8130639661929,5,81.0110437126395,0.145820414412829,FALSE,FALSE,"plated_03-06-23","e254a_009","E254A",1
"229",77,88.01855694,1,121.472775288,0.72459492862756,TRUE,TRUE,"plated_03-06-23","e254a_010_cell1","E254A",1
"230",78,11.9882251,2,121.472775288,0.0986906331198665,FALSE,FALSE,"plated_03-06-23","e254a_010_cell1","E254A",1
"231",79,10.19966329,3,121.472775288,0.0839666605609167,FALSE,FALSE,"plated_03-06-23","e254a_010_cell1","E254A",1
"232",80,7.003588258,4,121.472775288,0.0576556207050936,FALSE,FALSE,"plated_03-06-23","e254a_010_cell1","E254A",1
"233",81,4.2627417,5,121.472775288,0.0350921569865631,FALSE,FALSE,"plated_03-06-23","e254a_010_cell1","E254A",1
"234",82,37.1149975645685,1,79.3881673292724,0.467512965888599,FALSE,FALSE,"plated_03-06-23","e254a_010_cell2","E254A",1
"235",83,22.1176334658545,2,79.3881673292724,0.278601134273812,FALSE,FALSE,"plated_03-06-23","e254a_010_cell2","E254A",1
"236",84,3.7522847498308,3,79.3881673292724,0.0472650380536904,FALSE,FALSE,"plated_03-06-23","e254a_010_cell2","E254A",1
"237",85,3.61895141649746,4,79.3881673292724,0.0455855266375833,FALSE,FALSE,"plated_03-06-23","e254a_010_cell2","E254A",1
"238",86,2.98463684144669,5,79.3881673292724,0.0375954873610765,FALSE,FALSE,"plated_03-06-23","e254a_010_cell2","E254A",1
"239",87,2.89705627484771,6,79.3881673292724,0.0364922931503356,FALSE,FALSE,"plated_03-06-23","e254a_010_cell2","E254A",1
"240",88,2.74084655814722,7,79.3881673292724,0.0345246231315457,FALSE,FALSE,"plated_03-06-23","e254a_010_cell2","E254A",1
"241",89,2.5522847498308,8,79.3881673292724,0.0321494353087265,FALSE,FALSE,"plated_03-06-23","e254a_010_cell2","E254A",1
"242",90,1.60947570824874,9,79.3881673292724,0.0202734961946311,FALSE,FALSE,"plated_03-06-23","e254a_010_cell2","E254A",1
"243",91,100.0391341,1,230.747513034,0.433543715313021,TRUE,TRUE,"plated_03-06-23","e254a_011","E254A",1
"244",92,18.09083212,2,230.747513034,0.0784009841845375,FALSE,FALSE,"plated_03-06-23","e254a_011","E254A",1
"245",93,11.82809042,3,230.747513034,0.0512598825637491,FALSE,FALSE,"plated_03-06-23","e254a_011","E254A",1
"246",94,11.47384318,4,230.747513034,0.0497246667109663,FALSE,FALSE,"plated_03-06-23","e254a_011","E254A",1
"247",95,5.693131308,5,230.747513034,0.0246725576069855,FALSE,FALSE,"plated_03-06-23","e254a_011","E254A",1
"248",96,5.596075033,6,230.747513034,0.0242519408309958,FALSE,FALSE,"plated_03-06-23","e254a_011","E254A",1
"249",97,4.851303508,7,230.747513034,0.0210242938015335,FALSE,FALSE,"plated_03-06-23","e254a_011","E254A",1
"250",98,4.736921591,8,230.747513034,0.0205285921772948,FALSE,FALSE,"plated_03-06-23","e254a_011","E254A",1
"251",99,4.607513225,9,230.747513034,0.0199677698121977,FALSE,FALSE,"plated_03-06-23","e254a_011","E254A",1
"252",100,4.4836556,10,230.747513034,0.0194310029219658,FALSE,FALSE,"plated_03-06-23","e254a_011","E254A",1
"253",101,4.2627417,11,230.747513034,0.0184736192557443,FALSE,FALSE,"plated_03-06-23","e254a_011","E254A",1
"254",102,4.230389608,12,230.747513034,0.0183334136623031,FALSE,FALSE,"plated_03-06-23","e254a_011","E254A",1
"255",103,4.207513225,13,230.747513034,0.0182342733391889,FALSE,FALSE,"plated_03-06-23","e254a_011","E254A",1
"256",104,4.161760458,14,230.747513034,0.0180359926886266,FALSE,FALSE,"plated_03-06-23","e254a_011","E254A",1
"257",105,3.917970175,15,230.747513034,0.0169794686992908,FALSE,FALSE,"plated_03-06-23","e254a_011","E254A",1
"258",106,3.908494467,16,230.747513034,0.0169384034332977,FALSE,FALSE,"plated_03-06-23","e254a_011","E254A",1
"259",107,3.807513225,17,230.747513034,0.01650077686618,FALSE,FALSE,"plated_03-06-23","e254a_011","E254A",1
"260",108,3.651303508,18,230.747513034,0.015823804382507,FALSE,FALSE,"plated_03-06-23","e254a_011","E254A",1
"261",109,3.117970175,19,230.747513034,0.0135124757532731,FALSE,FALSE,"plated_03-06-23","e254a_011","E254A",1
"262",110,2.887580567,20,230.747513034,0.0125140268210584,FALSE,FALSE,"plated_03-06-23","e254a_011","E254A",1
"263",111,2.818951416,21,230.747513034,0.0122166058430482,FALSE,FALSE,"plated_03-06-23","e254a_011","E254A",1
"264",112,2.676142375,22,230.747513034,0.01159770842083,FALSE,FALSE,"plated_03-06-23","e254a_011","E254A",1
"265",113,2.630389608,23,230.747513034,0.0113994277702678,FALSE,FALSE,"plated_03-06-23","e254a_011","E254A",1
"266",114,2.598037517,24,230.747513034,0.0112592221811603,FALSE,FALSE,"plated_03-06-23","e254a_011","E254A",1
"267",115,2.2209139,25,230.747513034,0.00962486603126576,FALSE,FALSE,"plated_03-06-23","e254a_011","E254A",1
"268",116,2.198037517,26,230.747513034,0.00952572570815151,FALSE,FALSE,"plated_03-06-23","e254a_011","E254A",1
"269",117,1.8209139,27,230.747513034,0.00789136955825692,FALSE,FALSE,"plated_03-06-23","e254a_011","E254A",1
"270",118,1.554247233,28,230.747513034,0.00673570524147312,FALSE,FALSE,"plated_03-06-23","e254a_011","E254A",1
"271",119,1.4209139,29,230.747513034,0.00615787308524808,FALSE,FALSE,"plated_03-06-23","e254a_011","E254A",1
"272",120,1.255228475,30,230.747513034,0.00543983533558191,FALSE,FALSE,"plated_03-06-23","e254a_011","E254A",1
"273",121,83.38261659,1,347.270302787,0.240108687442655,TRUE,TRUE,"plated_03-06-23","e254a_012","E254A",1
"274",122,72.75385275,2,347.270302787,0.209502085741619,TRUE,TRUE,"plated_03-06-23","e254a_012","E254A",1
"275",123,32.64866761,3,347.270302787,0.0940151442492485,FALSE,FALSE,"plated_03-06-23","e254a_012","E254A",1
"276",124,21.50619527,4,347.270302787,0.0619292669065081,FALSE,FALSE,"plated_03-06-23","e254a_012","E254A",1
"277",125,19.29475708,5,347.270302787,0.0555612067175077,FALSE,FALSE,"plated_03-06-23","e254a_012","E254A",1
"278",126,16.38267436,6,347.270302787,0.047175569660065,FALSE,FALSE,"plated_03-06-23","e254a_012","E254A",1
"279",127,14.43560364,7,347.270302787,0.0415687823696636,FALSE,FALSE,"plated_03-06-23","e254a_012","E254A",1
"280",128,12.17678691,8,347.270302787,0.0350642908773823,FALSE,FALSE,"plated_03-06-23","e254a_012","E254A",1
"281",129,12.14443482,9,347.270302787,0.0349711297583913,FALSE,FALSE,"plated_03-06-23","e254a_012","E254A",1
"282",130,11.3254834,10,347.270302787,0.0326128762209377,FALSE,FALSE,"plated_03-06-23","e254a_012","E254A",1
"283",131,8.291168825,11,347.270302787,0.023875260160341,FALSE,FALSE,"plated_03-06-23","e254a_012","E254A",1
"284",132,8.066329958,12,347.270302787,0.02322781387658,FALSE,FALSE,"plated_03-06-23","e254a_012","E254A",1
"285",133,7.091168825,13,347.270302787,0.0204197386534068,FALSE,FALSE,"plated_03-06-23","e254a_012","E254A",1
"286",134,5.914045208,14,347.270302787,0.0170300920076872,FALSE,FALSE,"plated_03-06-23","e254a_012","E254A",1
"287",135,4.740846558,15,347.270302787,0.0136517477018696,FALSE,FALSE,"plated_03-06-23","e254a_012","E254A",1
"288",136,4.418951416,16,347.270302787,0.0127248180467375,FALSE,FALSE,"plated_03-06-23","e254a_012","E254A",1
"289",137,4.249341025,17,347.270302787,0.0122364077518208,FALSE,FALSE,"plated_03-06-23","e254a_012","E254A",1
"290",138,3.508494467,18,347.270302787,0.0101030650730649,FALSE,FALSE,"plated_03-06-23","e254a_012","E254A",1
"291",139,3.4627417,19,347.270302787,0.00997131534775633,FALSE,FALSE,"plated_03-06-23","e254a_012","E254A",1
"292",140,1.476142375,20,347.270302787,0.00425070143675775,FALSE,FALSE,"plated_03-06-23","e254a_012","E254A",1
"293",141,30.2486676068274,1,75.1806541044584,0.402346427643458,FALSE,FALSE,"plated_03-06-23","e254a_013","E254A",1
"294",142,13.1708994574027,2,75.1806541044584,0.175190008843267,FALSE,FALSE,"plated_03-06-23","e254a_013","E254A",1
"295",143,12.0663299577411,3,75.1806541044584,0.160497804940294,FALSE,FALSE,"plated_03-06-23","e254a_013","E254A",1
"296",144,11.6663299577411,4,75.1806541044584,0.155177287251738,FALSE,FALSE,"plated_03-06-23","e254a_013","E254A",1
"297",145,8.0284271247462,5,75.1806541044584,0.106788471321242,FALSE,FALSE,"plated_03-06-23","e254a_013","E254A",1
"298",146,69.94667624,1,149.256738713,0.468633288139156,TRUE,TRUE,"plated_03-06-23","e254a_014","E254A",1
"299",147,38.31892253,2,149.256738713,0.256731607969018,FALSE,FALSE,"plated_03-06-23","e254a_014","E254A",1
"300",148,24.02775371,3,149.256738713,0.160982706155747,FALSE,FALSE,"plated_03-06-23","e254a_014","E254A",1
"301",149,8.19411255,4,149.256738713,0.0548994478953218,FALSE,FALSE,"plated_03-06-23","e254a_014","E254A",1
"302",150,3.775161133,5,149.256738713,0.0252930699514955,FALSE,FALSE,"plated_03-06-23","e254a_014","E254A",1
"303",151,2.630389608,6,149.256738713,0.0176232552759837,FALSE,FALSE,"plated_03-06-23","e254a_014","E254A",1
"304",152,2.363722942,7,149.256738713,0.0158366246132787,FALSE,FALSE,"plated_03-06-23","e254a_014","E254A",1
"305",1,22.26044251,1,44.722847501,0.497742065942967,FALSE,FALSE,"plated_03-06-23","wt_000","WT",1
"306",2,12.9254834,2,44.722847501,0.289012979321386,FALSE,FALSE,"plated_03-06-23","wt_000","WT",1
"307",3,4.0418278,3,44.722847501,0.0903750102206624,FALSE,FALSE,"plated_03-06-23","wt_000","WT",1
"308",4,2.464704183,4,44.722847501,0.0551106273576361,FALSE,FALSE,"plated_03-06-23","wt_000","WT",1
"309",5,1.609475708,5,44.722847501,0.0359877735415665,FALSE,FALSE,"plated_03-06-23","wt_000","WT",1
"310",6,1.4209139,6,44.722847501,0.0317715436157823,FALSE,FALSE,"plated_03-06-23","wt_000","WT",1
"311",7,59.2800095716667,1,160.711879372241,0.36885891573928,FALSE,TRUE,"plated_03-06-23","wt_001","WT",1
"312",8,49.6002789388072,2,160.711879372241,0.308628578873893,FALSE,TRUE,"plated_03-06-23","wt_001","WT",1
"313",9,23.3318578359906,3,160.711879372241,0.145178178035921,FALSE,FALSE,"plated_03-06-23","wt_001","WT",1
"314",10,14.8200023929167,4,160.711879372241,0.0922147289348201,FALSE,FALSE,"plated_03-06-23","wt_001","WT",1
"315",11,6.35979797464468,5,160.711879372241,0.0395726688001334,FALSE,FALSE,"plated_03-06-23","wt_001","WT",1
"316",12,4,6,160.711879372241,0.0248892615506985,FALSE,FALSE,"plated_03-06-23","wt_001","WT",1
"317",13,3.31993265821489,7,160.711879372241,0.020657668065254,FALSE,FALSE,"plated_03-06-23","wt_001","WT",1
"318",14,20.5673111994585,1,68.2156420973604,0.301504326091426,FALSE,FALSE,"plated_03-06-23","wt_003","WT",1
"319",15,15.161423749154,2,68.2156420973604,0.222257290014435,FALSE,FALSE,"plated_03-06-23","wt_003","WT",1
"320",16,8.45130350811336,3,68.2156420973604,0.123890991102177,FALSE,FALSE,"plated_03-06-23","wt_003","WT",1
"321",17,6.98463684144669,4,68.2156420973604,0.102390546019898,FALSE,FALSE,"plated_03-06-23","wt_003","WT",1
"322",18,4.47417989148054,5,68.2156420973604,0.0655887675306903,FALSE,FALSE,"plated_03-06-23","wt_003","WT",1
"323",19,3.65130350811337,6,68.2156420973604,0.0535258981056291,FALSE,FALSE,"plated_03-06-23","wt_003","WT",1
"324",20,2.14280904158206,7,68.2156420973604,0.0314122828093262,FALSE,FALSE,"plated_03-06-23","wt_003","WT",1
"325",21,2.11993265821489,8,68.2156420973604,0.0310769288836896,FALSE,FALSE,"plated_03-06-23","wt_003","WT",1
"326",22,1.79803751656515,9,68.2156420973604,0.026358141055081,FALSE,FALSE,"plated_03-06-23","wt_003","WT",1
"327",23,1.76568542494924,10,68.2156420973604,0.0258838789852506,FALSE,FALSE,"plated_03-06-23","wt_003","WT",1
"328",24,1.09901875828257,11,68.2156420973604,0.0161109494023966,FALSE,FALSE,"plated_03-06-23","wt_003","WT",1
"329",25,67.9813275223095,1,312.515776610871,0.217529266072722,TRUE,TRUE,"plated_03-06-23","wt_004","WT",1
"330",26,30.0490043157529,2,312.515776610871,0.0961519595638476,FALSE,FALSE,"plated_03-06-23","wt_004","WT",1
"331",27,22.4016257745093,3,312.515776610871,0.0716815836225852,FALSE,FALSE,"plated_03-06-23","wt_004","WT",1
"332",28,20.2565175405668,4,312.515776610871,0.0648175838040625,FALSE,FALSE,"plated_03-06-23","wt_004","WT",1
"333",29,19.5993265821489,5,312.515776610871,0.0627146789026046,FALSE,FALSE,"plated_03-06-23","wt_004","WT",1
"334",30,19.4130639661929,6,312.515776610871,0.0621186686212167,FALSE,FALSE,"plated_03-06-23","wt_004","WT",1
"335",31,19.2774314404991,7,312.515776610871,0.0616846664496635,FALSE,FALSE,"plated_03-06-23","wt_004","WT",1
"336",32,19.2735064736294,8,312.515776610871,0.0616721071897365,FALSE,FALSE,"plated_03-06-23","wt_004","WT",1
"337",33,18.5287349486125,9,312.515776610871,0.0592889586233067,FALSE,FALSE,"plated_03-06-23","wt_004","WT",1
"338",34,16.268292441176,10,312.515776610871,0.0520559077612022,FALSE,FALSE,"plated_03-06-23","wt_004","WT",1
"339",35,13.3444348160914,11,312.515776610871,0.0427000356935809,FALSE,FALSE,"plated_03-06-23","wt_004","WT",1
"340",36,8.92548339959391,12,312.515776610871,0.028560105017378,FALSE,FALSE,"plated_03-06-23","wt_004","WT",1
"341",37,7.50456949966159,13,312.515776610871,0.0240134100781923,FALSE,FALSE,"plated_03-06-23","wt_004","WT",1
"342",38,5.23790283299492,14,312.515776610871,0.016760442912029,FALSE,FALSE,"plated_03-06-23","wt_004","WT",1
"343",39,4.91600769134517,15,312.515776610871,0.015730430459088,FALSE,FALSE,"plated_03-06-23","wt_004","WT",1
"344",40,4.48758056659898,16,312.515776610871,0.0143595328698771,FALSE,FALSE,"plated_03-06-23","wt_004","WT",1
"345",41,3.77516113319797,17,312.515776610871,0.0120799057703209,FALSE,FALSE,"plated_03-06-23","wt_004","WT",1
"346",42,3.35228474983079,18,312.515776610871,0.010726769656832,FALSE,FALSE,"plated_03-06-23","wt_004","WT",1
"347",43,2.96176045807952,19,312.515776610871,0.00947715501021684,FALSE,FALSE,"plated_03-06-23","wt_004","WT",1
"348",44,2.54280904158206,20,312.515776610871,0.00813657815665492,FALSE,FALSE,"plated_03-06-23","wt_004","WT",1
"349",45,2.41895141649746,21,312.515776610871,0.00774025376488246,FALSE,FALSE,"plated_03-06-23","wt_004","WT",1
"350",46,31.06369406,1,275.956315357,0.112567433072925,FALSE,FALSE,"plated_03-06-23","wt_005","WT",1
"351",47,30.93428569,2,275.956315357,0.112098487943575,FALSE,FALSE,"plated_03-06-23","wt_005","WT",1
"352",48,27.09442037,3,275.956315357,0.0981837300405624,FALSE,FALSE,"plated_03-06-23","wt_005","WT",1
"353",49,21.2300529,4,275.956315357,0.0769326582453279,FALSE,FALSE,"plated_03-06-23","wt_005","WT",1
"354",50,20.40325155,5,275.956315357,0.0739365269593655,FALSE,FALSE,"plated_03-06-23","wt_005","WT",1
"355",51,19.5882251,6,275.956315357,0.0709830651081822,FALSE,FALSE,"plated_03-06-23","wt_005","WT",1
"356",52,19.39181336,7,275.956315357,0.0702713157150005,FALSE,FALSE,"plated_03-06-23","wt_005","WT",1
"357",53,18.63756612,8,275.956315357,0.0675381032533678,FALSE,FALSE,"plated_03-06-23","wt_005","WT",1
"358",54,15.55587301,9,275.956315357,0.0563707809689937,FALSE,FALSE,"plated_03-06-23","wt_005","WT",1
"359",55,12.21306397,10,275.956315357,0.0442572367086441,FALSE,FALSE,"plated_03-06-23","wt_005","WT",1
"360",56,11.85489177,11,275.956315357,0.0429593059128345,FALSE,FALSE,"plated_03-06-23","wt_005","WT",1
"361",57,8.148359783,12,275.956315357,0.0295277162708112,FALSE,FALSE,"plated_03-06-23","wt_005","WT",1
"362",58,7.371236166,13,275.956315357,0.0267116052642751,FALSE,FALSE,"plated_03-06-23","wt_005","WT",1
"363",59,6.786599325,14,275.956315357,0.0245930205156577,FALSE,FALSE,"plated_03-06-23","wt_005","WT",1
"364",60,5.9045695,15,275.956315357,0.0213967543825238,FALSE,FALSE,"plated_03-06-23","wt_005","WT",1
"365",61,5.449341025,16,275.956315357,0.0197471147487612,FALSE,FALSE,"plated_03-06-23","wt_005","WT",1
"366",62,5.1045695,17,275.956315357,0.0184977448093417,FALSE,FALSE,"plated_03-06-23","wt_005","WT",1
"367",63,4.695093791,18,275.956315357,0.017013902308871,FALSE,FALSE,"plated_03-06-23","wt_005","WT",1
"368",64,2.708494467,19,275.956315357,0.00981493923592967,FALSE,FALSE,"plated_03-06-23","wt_005","WT",1
"369",65,1.8209139,20,275.956315357,0.00659855853505043,FALSE,FALSE,"plated_03-06-23","wt_005","WT",1
"370",66,21.16142375,1,122.656796487,0.172525488648669,FALSE,FALSE,"plated_03-06-23","wt_006","WT",1
"371",67,17.94084656,2,122.656796487,0.146268670581997,FALSE,FALSE,"plated_03-06-23","wt_006","WT",1
"372",68,16.49313131,3,122.656796487,0.134465694379586,FALSE,FALSE,"plated_03-06-23","wt_006","WT",1
"373",69,14.82057719,4,122.656796487,0.120829645111193,FALSE,FALSE,"plated_03-06-23","wt_006","WT",1
"374",70,11.43986532,5,122.656796487,0.0932672762345662,FALSE,FALSE,"plated_03-06-23","wt_006","WT",1
"375",71,9.127445883,6,122.656796487,0.074414513866481,FALSE,FALSE,"plated_03-06-23","wt_006","WT",1
"376",72,7.117970175,7,122.656796487,0.0580316001955457,FALSE,FALSE,"plated_03-06-23","wt_006","WT",1
"377",73,6.782674358,8,122.656796487,0.0552979904274516,FALSE,FALSE,"plated_03-06-23","wt_006","WT",1
"378",74,4.653265992,9,122.656796487,0.0379372861942728,FALSE,FALSE,"plated_03-06-23","wt_006","WT",1
"379",75,4.460779216,10,122.656796487,0.0363679742481517,FALSE,FALSE,"plated_03-06-23","wt_006","WT",1
"380",76,4.37319865,11,122.656796487,0.0356539447894638,FALSE,FALSE,"plated_03-06-23","wt_006","WT",1
"381",77,4.285618083,12,122.656796487,0.0349399153226231,FALSE,FALSE,"plated_03-06-23","wt_006","WT",1
"382",78,32.45225586,1,171.789398616,0.188907209184313,FALSE,FALSE,"plated_03-06-23","wt_007","WT",1
"383",79,23.25063009,2,171.789398616,0.135343800474976,FALSE,FALSE,"plated_03-06-23","wt_007","WT",1
"384",80,21.2300529,3,171.789398616,0.123581857035634,FALSE,FALSE,"plated_03-06-23","wt_007","WT",1
"385",81,11.35391052,4,171.789398616,0.0660920325204662,FALSE,FALSE,"plated_03-06-23","wt_007","WT",1
"386",82,9.83594035,5,171.789398616,0.0572558052431759,FALSE,FALSE,"plated_03-06-23","wt_007","WT",1
"387",83,9.592150066,6,171.789398616,0.0558366822590798,FALSE,FALSE,"plated_03-06-23","wt_007","WT",1
"388",84,9.2836556,7,171.789398616,0.054040910992137,FALSE,FALSE,"plated_03-06-23","wt_007","WT",1
"389",85,6.392150066,8,171.789398616,0.0372092231388989,FALSE,FALSE,"plated_03-06-23","wt_007","WT",1
"390",86,5.97319865,9,171.789398616,0.0347704730217483,FALSE,FALSE,"plated_03-06-23","wt_007","WT",1
"391",87,5.660779216,10,171.789398616,0.032951854198253,FALSE,FALSE,"plated_03-06-23","wt_007","WT",1
"392",88,4.851303508,11,171.789398616,0.0282398305546438,FALSE,FALSE,"plated_03-06-23","wt_007","WT",1
"393",89,4.782674358,12,171.789398616,0.0278403347152445,FALSE,FALSE,"plated_03-06-23","wt_007","WT",1
"394",90,4.216988933,13,171.789398616,0.0245474340499102,FALSE,FALSE,"plated_03-06-23","wt_007","WT",1
"395",91,3.963722942,14,171.789398616,0.0230731522080713,FALSE,FALSE,"plated_03-06-23","wt_007","WT",1
"396",92,3.853265992,15,171.789398616,0.0224301733578635,FALSE,FALSE,"plated_03-06-23","wt_007","WT",1
"397",93,3.830389608,16,171.789398616,0.022297008074183,FALSE,FALSE,"plated_03-06-23","wt_007","WT",1
"398",94,3.596075033,17,171.789398616,0.0209330439594721,FALSE,FALSE,"plated_03-06-23","wt_007","WT",1
"399",95,3.2418278,18,171.789398616,0.0188709421309894,FALSE,FALSE,"plated_03-06-23","wt_007","WT",1
"400",96,2.874179891,19,171.789398616,0.0167308338823901,FALSE,FALSE,"plated_03-06-23","wt_007","WT",1
"401",97,1.554247233,20,171.789398616,0.00904739899855055,FALSE,FALSE,"plated_03-06-23","wt_007","WT",1
"402",98,47.6783838,1,108.337479471,0.440091314961436,FALSE,TRUE,"plated_03-06-23","wt_008","WT",1
"403",99,25.00291484,2,108.337479471,0.230787304283674,FALSE,FALSE,"plated_03-06-23","wt_008","WT",1
"404",100,22.94606059,3,108.337479471,0.211801683979017,FALSE,FALSE,"plated_03-06-23","wt_008","WT",1
"405",101,7.592150066,4,108.337479471,0.0700787031696845,FALSE,FALSE,"plated_03-06-23","wt_008","WT",1
"406",102,5.117970175,5,108.337479471,0.0472409936061877,FALSE,FALSE,"plated_03-06-23","wt_008","WT",1
"407",103,24.94213562,1,133.280288513,0.187140468393923,FALSE,FALSE,"plated_03-06-23","wt_009","WT",1
"408",104,19.66632996,2,133.280288513,0.147556177882086,FALSE,FALSE,"plated_03-06-23","wt_009","WT",1
"409",105,18.59181336,3,133.280288513,0.139494095994447,FALSE,FALSE,"plated_03-06-23","wt_009","WT",1
"410",106,17.25455506,4,133.280288513,0.129460667083693,FALSE,FALSE,"plated_03-06-23","wt_009","WT",1
"411",107,16.32907166,5,133.280288513,0.122516779053996,FALSE,FALSE,"plated_03-06-23","wt_009","WT",1
"412",108,14.87025492,6,133.280288513,0.111571298996322,FALSE,FALSE,"plated_03-06-23","wt_009","WT",1
"413",109,10.63594035,7,133.280288513,0.0798013004673424,FALSE,FALSE,"plated_03-06-23","wt_009","WT",1
"414",110,6.451303508,8,133.280288513,0.0484040331843275,FALSE,FALSE,"plated_03-06-23","wt_009","WT",1
"415",111,4.538884075,9,133.280288513,0.0340551789438637,FALSE,FALSE,"plated_03-06-23","wt_009","WT",1
"416",112,30.58003846,1,58.263020642,0.524861878478642,FALSE,FALSE,"plated_03-06-23","wt_010","WT",1
"417",113,5.481693116,2,58.263020642,0.0940852886719096,FALSE,FALSE,"plated_03-06-23","wt_010","WT",1
"418",114,4.529408366,3,58.263020642,0.0777407061304146,FALSE,FALSE,"plated_03-06-23","wt_010","WT",1
"419",115,3.508494467,4,58.263020642,0.0602182040742123,FALSE,FALSE,"plated_03-06-23","wt_010","WT",1
"420",116,3.085618083,5,58.263020642,0.0529601460583332,FALSE,FALSE,"plated_03-06-23","wt_010","WT",1
"421",117,3.030389608,6,58.263020642,0.0520122296202316,FALSE,FALSE,"plated_03-06-23","wt_010","WT",1
"422",118,2.243790283,7,58.263020642,0.0385113963930411,FALSE,FALSE,"plated_03-06-23","wt_010","WT",1
"423",119,1.963722942,8,58.263020642,0.0337044478703944,FALSE,FALSE,"plated_03-06-23","wt_010","WT",1
"424",120,1.798037517,9,58.263020642,0.0308606985560898,FALSE,FALSE,"plated_03-06-23","wt_010","WT",1
"425",121,1.342809042,10,58.263020642,0.0230473639575084,FALSE,FALSE,"plated_03-06-23","wt_010","WT",1
"426",122,0.699018758,11,58.263020642,0.0119976401892232,FALSE,FALSE,"plated_03-06-23","wt_010","WT",1
"427",1,92.7499277873517,1,204.285781481734,0.454020476190825,TRUE,TRUE,"plated_03-20-23","E254A_000","E254A",1
"428",2,11.3405098492217,2,204.285781481734,0.0555129670159431,FALSE,FALSE,"plated_03-20-23","E254A_000","E254A",1
"429",3,4.3408465581472,3,204.285781481734,0.0212488922462542,FALSE,FALSE,"plated_03-20-23","E254A_000","E254A",1
"430",4,4.02842712474618,4,204.285781481734,0.0197195668515304,FALSE,FALSE,"plated_03-20-23","E254A_000","E254A",1
"431",5,3.97319864976311,5,204.285781481734,0.0194492177622179,FALSE,FALSE,"plated_03-20-23","E254A_000","E254A",1
"432",6,3.75228474983079,6,204.285781481734,0.0183678214049679,FALSE,FALSE,"plated_03-20-23","E254A_000","E254A",1
"433",7,3.65130350811336,7,204.285781481734,0.0178735077969185,FALSE,FALSE,"plated_03-20-23","E254A_000","E254A",1
"434",8,3.61895141649745,8,204.285781481734,0.0177151409669744,FALSE,FALSE,"plated_03-20-23","E254A_000","E254A",1
"435",9,3.46274169979694,9,204.285781481734,0.0169504782696125,FALSE,FALSE,"plated_03-20-23","E254A_000","E254A",1
"436",10,3.26470418323182,10,204.285781481734,0.015981064171731,FALSE,FALSE,"plated_03-20-23","E254A_000","E254A",1
"437",11,3.19607503313029,11,204.285781481734,0.0156451173936257,FALSE,FALSE,"plated_03-20-23","E254A_000","E254A",1
"438",12,3.19607503313028,12,204.285781481734,0.0156451173936256,FALSE,FALSE,"plated_03-20-23","E254A_000","E254A",1
"439",13,3.10849446653131,13,204.285781481734,0.0152164014743691,FALSE,FALSE,"plated_03-20-23","E254A_000","E254A",1
"440",14,2.94280904158206,14,204.285781481734,0.0144053542064316,FALSE,FALSE,"plated_03-20-23","E254A_000","E254A",1
"441",15,2.88758056659898,15,204.285781481734,0.0141350051171191,FALSE,FALSE,"plated_03-20-23","E254A_000","E254A",1
"442",16,2.83235209161591,16,204.285781481734,0.0138646560278066,FALSE,FALSE,"plated_03-20-23","E254A_000","E254A",1
"443",17,2.70849446653131,17,204.285781481734,0.0132583601603888,FALSE,FALSE,"plated_03-20-23","E254A_000","E254A",1
"444",18,2.68561808316412,18,204.285781481734,0.0131463779010203,FALSE,FALSE,"plated_03-20-23","E254A_000","E254A",1
"445",19,2.47417989148054,19,204.285781481734,0.0121113661143459,FALSE,FALSE,"plated_03-20-23","E254A_000","E254A",1
"446",20,2.44182779986464,20,204.285781481734,0.0119529992844019,FALSE,FALSE,"plated_03-20-23","E254A_000","E254A",1
"447",21,2.38659932488155,21,204.285781481734,0.0116826501950893,FALSE,FALSE,"plated_03-20-23","E254A_000","E254A",1
"448",22,2.37712361663282,22,204.285781481734,0.0116362656245137,FALSE,FALSE,"plated_03-20-23","E254A_000","E254A",1
"449",23,2.28561808316412,23,204.285781481734,0.0111883365870399,FALSE,FALSE,"plated_03-20-23","E254A_000","E254A",1
"450",24,2.04182779986463,24,204.285781481734,0.00999495797042146,FALSE,FALSE,"plated_03-20-23","E254A_000","E254A",1
"451",25,2.00947570824873,25,204.285781481734,0.00983659114047744,FALSE,FALSE,"plated_03-20-23","E254A_000","E254A",1
"452",26,1.95424723326564,26,204.285781481734,0.00956624205116488,FALSE,FALSE,"plated_03-20-23","E254A_000","E254A",1
"453",27,1.93137084989848,27,204.285781481734,0.00945425979179646,FALSE,FALSE,"plated_03-20-23","E254A_000","E254A",1
"454",28,1.93137084989847,28,204.285781481734,0.00945425979179645,FALSE,FALSE,"plated_03-20-23","E254A_000","E254A",1
"455",29,1.85326599154823,29,204.285781481734,0.00907192844311556,FALSE,FALSE,"plated_03-20-23","E254A_000","E254A",1
"456",30,1.84379028329949,30,204.285781481734,0.00902554387253992,FALSE,FALSE,"plated_03-20-23","E254A_000","E254A",1
"457",31,1.82091389993232,31,204.285781481734,0.00891356161317148,FALSE,FALSE,"plated_03-20-23","E254A_000","E254A",1
"458",32,1.82091389993232,32,204.285781481734,0.00891356161317146,FALSE,FALSE,"plated_03-20-23","E254A_000","E254A",1
"459",33,1.79803751656515,33,204.285781481734,0.00880157935380304,FALSE,FALSE,"plated_03-20-23","E254A_000","E254A",1
"460",34,1.76568542494924,34,204.285781481734,0.00864321252385899,FALSE,FALSE,"plated_03-20-23","E254A_000","E254A",1
"461",35,1.74280904158206,35,204.285781481734,0.00853123026449051,FALSE,FALSE,"plated_03-20-23","E254A_000","E254A",1
"462",36,1.71993265821489,36,204.285781481734,0.00841924800512205,FALSE,FALSE,"plated_03-20-23","E254A_000","E254A",1
"463",37,1.6323520916159,37,204.285781481734,0.0079905320858655,FALSE,FALSE,"plated_03-20-23","E254A_000","E254A",1
"464",38,1.58659932488155,38,204.285781481734,0.00776656756712857,FALSE,FALSE,"plated_03-20-23","E254A_000","E254A",1
"465",39,1.49901875828257,39,204.285781481734,0.00733785164787205,FALSE,FALSE,"plated_03-20-23","E254A_000","E254A",1
"466",40,1.49901875828257,40,204.285781481734,0.00733785164787202,FALSE,FALSE,"plated_03-20-23","E254A_000","E254A",1
"467",41,1.23235209161592,41,204.285781481734,0.00603249077188522,FALSE,FALSE,"plated_03-20-23","E254A_000","E254A",1
"468",42,1.02091389993231,42,204.285781481734,0.00499747898521068,FALSE,FALSE,"plated_03-20-23","E254A_000","E254A",1
"469",43,0.965685424949235,43,204.285781481734,0.00472712989589822,FALSE,FALSE,"plated_03-20-23","E254A_000","E254A",1
"470",44,0.910456949966155,44,204.285781481734,0.00445678080658571,FALSE,FALSE,"plated_03-20-23","E254A_000","E254A",1
"471",45,23.966974490533,1,84.810707003714,0.282593735358007,FALSE,FALSE,"plated_03-20-23","E254A_001","E254A",1
"472",46,20.1326599154823,2,84.810707003714,0.237383469926746,FALSE,FALSE,"plated_03-20-23","E254A_001","E254A",1
"473",47,18.2431168654483,3,84.810707003714,0.215103935693514,FALSE,FALSE,"plated_03-20-23","E254A_001","E254A",1
"474",48,10.5673111994585,4,84.810707003714,0.124598786789925,FALSE,FALSE,"plated_03-20-23","E254A_001","E254A",1
"475",49,5.17319864976312,5,84.810707003714,0.0609969994653691,FALSE,FALSE,"plated_03-20-23","E254A_001","E254A",1
"476",50,3.61895141649746,6,84.810707003714,0.0426709261642988,FALSE,FALSE,"plated_03-20-23","E254A_001","E254A",1
"477",51,3.10849446653128,7,84.810707003714,0.0366521466021401,FALSE,FALSE,"plated_03-20-23","E254A_001","E254A",1
"478",52,23.7705627484771,1,40.3986531642977,0.588399881842703,FALSE,FALSE,"plated_03-20-23","E254A_002","E254A",1
"479",53,7.27025492461082,2,40.3986531642977,0.17996280457775,FALSE,FALSE,"plated_03-20-23","E254A_002","E254A",1
"480",54,3.18659932488155,3,40.3986531642977,0.0788788505379606,FALSE,FALSE,"plated_03-20-23","E254A_002","E254A",1
"481",55,2.44182779986463,4,40.3986531642977,0.0604432972043384,FALSE,FALSE,"plated_03-20-23","E254A_002","E254A",1
"482",56,1.87614237491539,5,40.3986531642977,0.0464407159140997,FALSE,FALSE,"plated_03-20-23","E254A_002","E254A",1
"483",57,1.85326599154823,6,40.3986531642977,0.0458744499231486,FALSE,FALSE,"plated_03-20-23","E254A_002","E254A",1
"484",58,43.26173157,1,111.195007126,0.389061817505693,FALSE,TRUE,"plated_03-20-23","E254A_004","E254A",1
"485",59,27.06599325,2,111.195007126,0.243410148976656,FALSE,FALSE,"plated_03-20-23","E254A_004","E254A",1
"486",60,17.10619527,3,111.195007126,0.153839598666658,FALSE,FALSE,"plated_03-20-23","E254A_004","E254A",1
"487",61,11.86436747,4,111.195007126,0.106698742836142,FALSE,FALSE,"plated_03-20-23","E254A_004","E254A",1
"488",62,2.285618083,5,111.195007126,0.0205550423717323,FALSE,FALSE,"plated_03-20-23","E254A_004","E254A",1
"489",63,2.175161133,6,111.195007126,0.0195616798741263,FALSE,FALSE,"plated_03-20-23","E254A_004","E254A",1
"490",64,2.142809042,7,111.195007126,0.019270730740382,FALSE,FALSE,"plated_03-20-23","E254A_004","E254A",1
"491",65,2.097056275,8,111.195007126,0.0188592665192578,FALSE,FALSE,"plated_03-20-23","E254A_004","E254A",1
"492",66,1.719932658,9,111.195007126,0.0154677148053156,FALSE,FALSE,"plated_03-20-23","E254A_004","E254A",1
"493",67,1.476142375,10,111.195007126,0.0132752577040381,FALSE,FALSE,"plated_03-20-23","E254A_004","E254A",1
"494",68,83.0986242792383,1,162.513592958748,0.511333376896861,TRUE,TRUE,"plated_03-20-23","E254A_005","E254A",1
"495",69,17.3483597829611,2,162.513592958748,0.106750207580266,FALSE,FALSE,"plated_03-20-23","E254A_005","E254A",1
"496",70,13.4927945990524,3,162.513592958748,0.0830256371384112,FALSE,FALSE,"plated_03-20-23","E254A_005","E254A",1
"497",71,11.6245021578765,4,162.513592958748,0.0715294145322801,FALSE,FALSE,"plated_03-20-23","E254A_005","E254A",1
"498",72,4.1846368414467,5,162.513592958748,0.0257494574162109,FALSE,FALSE,"plated_03-20-23","E254A_005","E254A",1
"499",73,3.86274169979697,6,162.513592958748,0.0237687299226563,FALSE,FALSE,"plated_03-20-23","E254A_005","E254A",1
"500",74,3.16372294151438,7,162.513592958748,0.0194674358243834,FALSE,FALSE,"plated_03-20-23","E254A_005","E254A",1
"501",75,3.14084655814721,8,162.513592958748,0.0193266698555147,FALSE,FALSE,"plated_03-20-23","E254A_005","E254A",1
"502",76,2.81895141649746,9,162.513592958748,0.01734594236196,FALSE,FALSE,"plated_03-20-23","E254A_005","E254A",1
"503",77,2.63038960818105,10,162.513592958748,0.0161856590596009,FALSE,FALSE,"plated_03-20-23","E254A_005","E254A",1
"504",78,2.5522847498308,11,162.513592958748,0.0157050539795688,FALSE,FALSE,"plated_03-20-23","E254A_005","E254A",1
"505",79,2.28561808316412,12,162.513592958748,0.0140641655971775,FALSE,FALSE,"plated_03-20-23","E254A_005","E254A",1
"506",80,2.0970562748477,13,162.513592958748,0.0129038822948184,FALSE,FALSE,"plated_03-20-23","E254A_005","E254A",1
"507",81,1.97712361663282,14,162.513592958748,0.0121658968990655,FALSE,FALSE,"plated_03-20-23","E254A_005","E254A",1
"508",82,1.93137084989847,15,162.513592958748,0.0118843649613281,FALSE,FALSE,"plated_03-20-23","E254A_005","E254A",1
"509",83,1.85326599154822,16,162.513592958748,0.0114037598812959,FALSE,FALSE,"plated_03-20-23","E254A_005","E254A",1
"510",84,1.74280904158206,17,162.513592958748,0.010724081658969,FALSE,FALSE,"plated_03-20-23","E254A_005","E254A",1
"511",85,1.36568542494924,18,162.513592958748,0.00840351505425093,FALSE,FALSE,"plated_03-20-23","E254A_005","E254A",1
"512",86,1.34280904158205,19,162.513592958748,0.00826274908538211,FALSE,FALSE,"plated_03-20-23","E254A_005","E254A",1
"513",87,9.36176045807952,1,15.9006445327919,0.588766099309546,FALSE,FALSE,"plated_03-20-23","E254A_006","E254A",1
"514",88,6.53888407471235,2,15.9006445327919,0.411233900690454,FALSE,FALSE,"plated_03-20-23","E254A_006","E254A",1
"515",89,64.4,1,223.462151620683,0.288191980310456,TRUE,TRUE,"plated_03-20-23","E254A_007","E254A",1
"516",90,43.210428064907,2,223.462151620683,0.193367994318138,FALSE,TRUE,"plated_03-20-23","E254A_007","E254A",1
"517",91,23.5764501987817,3,223.462151620683,0.10550533961922,FALSE,FALSE,"plated_03-20-23","E254A_007","E254A",1
"518",92,22.8,4,223.462151620683,0.102030701103702,FALSE,FALSE,"plated_03-20-23","E254A_007","E254A",1
"519",93,14.1333333333333,5,223.462151620683,0.0632471012689614,FALSE,FALSE,"plated_03-20-23","E254A_007","E254A",1
"520",94,9.2,6,223.462151620683,0.0411702829014937,FALSE,FALSE,"plated_03-20-23","E254A_007","E254A",1
"521",95,9.2,7,223.462151620683,0.0411702829014937,FALSE,FALSE,"plated_03-20-23","E254A_007","E254A",1
"522",96,8.30207470723099,8,223.462151620683,0.0371520396050039,FALSE,FALSE,"plated_03-20-23","E254A_007","E254A",1
"523",97,7.86666666666667,9,223.462151620683,0.0352035752346106,FALSE,FALSE,"plated_03-20-23","E254A_007","E254A",1
"524",98,7.86666666666666,10,223.462151620683,0.0352035752346106,FALSE,FALSE,"plated_03-20-23","E254A_007","E254A",1
"525",99,7,11,223.462151620683,0.0313252152511365,FALSE,FALSE,"plated_03-20-23","E254A_007","E254A",1
"526",100,1.90849446653131,12,223.462151620683,0.00854057142424234,FALSE,FALSE,"plated_03-20-23","E254A_007","E254A",1
"527",101,1.63235209161591,13,223.462151620683,0.00730482580507304,FALSE,FALSE,"plated_03-20-23","E254A_007","E254A",1
"528",102,1.36568542494923,14,223.462151620683,0.00611148427169635,FALSE,FALSE,"plated_03-20-23","E254A_007","E254A",1
"529",103,1,15,223.462151620683,0.00447503075016236,FALSE,FALSE,"plated_03-20-23","E254A_007","E254A",1
"530",104,25.0754689570642,1,99.5940547795769,0.251776765315577,FALSE,FALSE,"plated_03-20-23","E254A_008","E254A",1
"531",105,24.4127272572673,2,99.5940547795769,0.245122334975696,FALSE,FALSE,"plated_03-20-23","E254A_008","E254A",1
"532",106,21.1787493911421,3,99.5940547795769,0.212650739424309,FALSE,FALSE,"plated_03-20-23","E254A_008","E254A",1
"533",107,9.95032226639594,4,99.5940547795769,0.0999087976528132,FALSE,FALSE,"plated_03-20-23","E254A_008","E254A",1
"534",108,9.55979797464467,5,99.5940547795769,0.0959876369709273,FALSE,FALSE,"plated_03-20-23","E254A_008","E254A",1
"535",109,9.4169889330626,6,99.5940547795769,0.0945537256606775,FALSE,FALSE,"plated_03-20-23","E254A_008","E254A",1
"536",110,41.4179412897208,1,168.56652224137,0.245706803100644,FALSE,TRUE,"plated_03-20-23","E254A_009","E254A",1
"537",111,24.722847498308,2,168.56652224137,0.146665228478211,FALSE,FALSE,"plated_03-20-23","E254A_009","E254A",1
"538",112,24.5784126822165,3,168.56652224137,0.145808386833909,FALSE,FALSE,"plated_03-20-23","E254A_009","E254A",1
"539",113,13.7215584327242,4,168.56652224137,0.0814014446657224,FALSE,FALSE,"plated_03-20-23","E254A_009","E254A",1
"540",114,12.7937758407699,5,168.56652224137,0.075897489434174,FALSE,FALSE,"plated_03-20-23","E254A_009","E254A",1
"541",115,9.10456949966159,6,168.56652224137,0.0540117300790293,FALSE,FALSE,"plated_03-20-23","E254A_009","E254A",1
"542",116,7.48169311629439,7,168.56652224137,0.0443842170842284,FALSE,FALSE,"plated_03-20-23","E254A_009","E254A",1
"543",117,6.89313130797799,8,168.56652224137,0.0408926471064504,FALSE,FALSE,"plated_03-20-23","E254A_009","E254A",1
"544",118,6.14835978296107,9,168.56652224137,0.0364743823459633,FALSE,FALSE,"plated_03-20-23","E254A_009","E254A",1
"545",119,5.88561808316413,10,168.56652224137,0.0349156997777798,FALSE,FALSE,"plated_03-20-23","E254A_009","E254A",1
"546",120,5.54084655814722,11,168.56652224137,0.0328703854387722,FALSE,FALSE,"plated_03-20-23","E254A_009","E254A",1
"547",121,5.39411254969543,12,168.56652224137,0.0319999041207696,FALSE,FALSE,"plated_03-20-23","E254A_009","E254A",1
"548",122,4.88365559972927,13,168.56652224137,0.0289716815343462,FALSE,FALSE,"plated_03-20-23","E254A_009","E254A",1
"549",123,102.35088014401,1,117.531255309662,0.870839674726051,TRUE,TRUE,"plated_03-20-23","E254A_010","E254A",1
"550",124,15.1803751656514,2,117.531255309662,0.129160325273949,FALSE,FALSE,"plated_03-20-23","E254A_010","E254A",1
"551",125,19.70815776,1,49.27154399,0.399990667310931,FALSE,FALSE,"plated_03-20-23","E254A_011","E254A",1
"552",126,16.27221741,2,49.27154399,0.330255885898411,FALSE,FALSE,"plated_03-20-23","E254A_011","E254A",1
"553",127,11.89116882,3,49.27154399,0.241339480297459,FALSE,FALSE,"plated_03-20-23","E254A_011","E254A",1
"554",128,1,4,49.27154399,0.0202956903522844,FALSE,FALSE,"plated_03-20-23","E254A_011","E254A",1
"555",129,0.4,5,49.27154399,0.00811827614091377,FALSE,FALSE,"plated_03-20-23","E254A_011","E254A",1
"556",130,27.4068398069628,1,60.782953296819,0.450896811037267,FALSE,FALSE,"plated_03-20-23","E254A_012","E254A",1
"557",131,11.0225396744416,2,60.782953296819,0.181342614608008,FALSE,FALSE,"plated_03-20-23","E254A_012","E254A",1
"558",132,9.74443481609137,3,60.782953296819,0.160315257610251,FALSE,FALSE,"plated_03-20-23","E254A_012","E254A",1
"559",133,8.40162577450931,4,60.782953296819,0.138223388611639,FALSE,FALSE,"plated_03-20-23","E254A_012","E254A",1
"560",134,4.20751322481387,5,60.782953296819,0.069221928132835,FALSE,FALSE,"plated_03-20-23","E254A_012","E254A",1
"561",135,41.0548917660575,1,72.78362671467,0.564067684164777,FALSE,TRUE,"plated_03-20-23","E254A_013","E254A",1
"562",136,30.0088022903976,2,72.78362671467,0.412301552491188,FALSE,FALSE,"plated_03-20-23","E254A_013","E254A",1
"563",137,1.71993265821489,3,72.78362671467,0.0236307633440341,FALSE,FALSE,"plated_03-20-23","E254A_013","E254A",1
"564",138,48.1333333333333,1,196.425516569617,0.245046235203734,FALSE,TRUE,"plated_03-20-23","E254A_014","E254A",1
"565",139,31.5741510064213,2,196.425516569617,0.160743632282778,FALSE,FALSE,"plated_03-20-23","E254A_014","E254A",1
"566",140,23.6,3,196.425516569617,0.120147323077731,FALSE,FALSE,"plated_03-20-23","E254A_014","E254A",1
"567",141,22.690495406692,4,196.425516569617,0.115517045865322,FALSE,FALSE,"plated_03-20-23","E254A_014","E254A",1
"568",142,20.3267724651776,5,196.425516569617,0.103483360105984,FALSE,FALSE,"plated_03-20-23","E254A_014","E254A",1
"569",143,13.2529292826227,6,196.425516569617,0.0674705074680334,FALSE,FALSE,"plated_03-20-23","E254A_014","E254A",1
"570",144,12.0333333333333,7,196.425516569617,0.0612615588009335,FALSE,FALSE,"plated_03-20-23","E254A_014","E254A",1
"571",145,10,8,196.425516569617,0.0509098826600555,FALSE,FALSE,"plated_03-20-23","E254A_014","E254A",1
"572",146,9.81450174203685,9,196.425516569617,0.0499655132054007,FALSE,FALSE,"plated_03-20-23","E254A_014","E254A",1
"573",147,4,10,196.425516569617,0.0203639530640222,FALSE,FALSE,"plated_03-20-23","E254A_014","E254A",1
"574",148,1,11,196.425516569617,0.00509098826600555,FALSE,FALSE,"plated_03-20-23","E254A_014","E254A",1
"575",149,79.6162577450931,1,103.701539119332,0.767744224639491,TRUE,TRUE,"plated_03-20-23","E254A_015","E254A",1
"576",150,11.4588167329272,2,103.701539119332,0.110498039182826,FALSE,FALSE,"plated_03-20-23","E254A_015","E254A",1
"577",151,6.50653198309644,3,103.701539119332,0.0627428680263775,FALSE,FALSE,"plated_03-20-23","E254A_015","E254A",1
"578",152,6.11993265821488,4,103.701539119332,0.0590148681513062,FALSE,FALSE,"plated_03-20-23","E254A_015","E254A",1
"579",1,53.8692447978342,1,74.2322943214975,0.725684761466868,FALSE,TRUE,"plated_03-20-23","WT_000","WT",1
"580",2,11.7957383242047,2,74.2322943214975,0.158903054688271,FALSE,FALSE,"plated_03-20-23","WT_000","WT",1
"581",3,8.56731119945854,3,74.2322943214975,0.115412183844862,FALSE,FALSE,"plated_03-20-23","WT_000","WT",1
"582",4,41.40616639,1,70.75222698,0.585227746989569,FALSE,TRUE,"plated_03-20-23","WT_001","WT",1
"583",5,15.39966329,2,70.75222698,0.217656234260345,FALSE,FALSE,"plated_03-20-23","WT_001","WT",1
"584",6,13.9463973,3,70.75222698,0.197116018750086,FALSE,FALSE,"plated_03-20-23","WT_001","WT",1
"585",7,37.81794129,1,226.439018596,0.167011593339718,FALSE,FALSE,"plated_03-20-23","WT_002","WT",1
"586",8,33.65848002,2,226.439018596,0.148642580367528,FALSE,FALSE,"plated_03-20-23","WT_002","WT",1
"587",9,25.58200094,3,226.439018596,0.112975233237704,FALSE,FALSE,"plated_03-20-23","WT_002","WT",1
"588",10,21.77448772,4,226.439018596,0.0961604932533683,FALSE,FALSE,"plated_03-20-23","WT_002","WT",1
"589",11,19.80683981,5,226.439018596,0.0874709665004257,FALSE,FALSE,"plated_03-20-23","WT_002","WT",1
"590",12,17.96697449,6,226.439018596,0.0793457532248701,FALSE,FALSE,"plated_03-20-23","WT_002","WT",1
"591",13,5.260779216,7,226.439018596,0.0232326533148688,FALSE,FALSE,"plated_03-20-23","WT_002","WT",1
"592",14,4.0418278,8,226.439018596,0.0178495200388198,FALSE,FALSE,"plated_03-20-23","WT_002","WT",1
"593",15,3.917970175,9,226.439018596,0.0173025399919712,FALSE,FALSE,"plated_03-20-23","WT_002","WT",1
"594",16,3.485618083,10,226.439018596,0.0153931866716789,FALSE,FALSE,"plated_03-20-23","WT_002","WT",1
"595",17,3.4627417,11,226.439018596,0.0152921599884604,FALSE,FALSE,"plated_03-20-23","WT_002","WT",1
"596",18,3.453265992,12,226.439018596,0.0152503133665366,FALSE,FALSE,"plated_03-20-23","WT_002","WT",1
"597",19,3.264704183,13,226.439018596,0.0144175867005708,FALSE,FALSE,"plated_03-20-23","WT_002","WT",1
"598",20,3.085618083,14,226.439018596,0.0136267066609452,FALSE,FALSE,"plated_03-20-23","WT_002","WT",1
"599",21,3.053265992,15,226.439018596,0.0134838333558028,FALSE,FALSE,"plated_03-20-23","WT_002","WT",1
"600",22,2.708494467,16,226.439018596,0.0119612533378461,FALSE,FALSE,"plated_03-20-23","WT_002","WT",1
"601",23,2.607513225,17,226.439018596,0.0115152999742159,FALSE,FALSE,"plated_03-20-23","WT_002","WT",1
"602",24,2.2209139,18,226.439018596,0.00980800002477679,FALSE,FALSE,"plated_03-20-23","WT_002","WT",1
"603",25,2.175161133,19,226.439018596,0.00960594665392364,FALSE,FALSE,"plated_03-20-23","WT_002","WT",1
"604",26,2.142809042,20,226.439018596,0.0094630733487813,FALSE,FALSE,"plated_03-20-23","WT_002","WT",1
"605",27,2.087580567,21,226.439018596,0.00921917335600428,FALSE,FALSE,"plated_03-20-23","WT_002","WT",1
"606",28,2.064704183,22,226.439018596,0.0091181466683696,FALSE,FALSE,"plated_03-20-23","WT_002","WT",1
"607",29,2.0418278,23,226.439018596,0.00901711998515113,FALSE,FALSE,"plated_03-20-23","WT_002","WT",1
"608",30,2.009475708,24,226.439018596,0.00887424667559258,FALSE,FALSE,"plated_03-20-23","WT_002","WT",1
"609",31,1.908494467,25,226.439018596,0.00842829331637862,FALSE,FALSE,"plated_03-20-23","WT_002","WT",1
"610",32,1.798037517,26,226.439018596,0.00794049333082458,FALSE,FALSE,"plated_03-20-23","WT_002","WT",1
"611",33,1.586599325,27,226.439018596,0.00700673998164037,FALSE,FALSE,"plated_03-20-23","WT_002","WT",1
"612",34,1.4209139,28,226.439018596,0.00627504000330931,FALSE,FALSE,"plated_03-20-23","WT_002","WT",1
"613",35,1.342809042,29,226.439018596,0.00593011332731381,FALSE,FALSE,"plated_03-20-23","WT_002","WT",1
"614",36,1.287580567,30,226.439018596,0.00568621333453679,FALSE,FALSE,"plated_03-20-23","WT_002","WT",1
"615",37,1.232352092,31,226.439018596,0.00544231334175977,FALSE,FALSE,"plated_03-20-23","WT_002","WT",1
"616",38,1.209475708,32,226.439018596,0.0053412866541251,FALSE,FALSE,"plated_03-20-23","WT_002","WT",1
"617",39,1.177123617,33,226.439018596,0.00519841334898275,FALSE,FALSE,"plated_03-20-23","WT_002","WT",1
"618",40,1.154247233,34,226.439018596,0.00509738666134808,FALSE,FALSE,"plated_03-20-23","WT_002","WT",1
"619",41,1.0209139,35,226.439018596,0.00450855999257556,FALSE,FALSE,"plated_03-20-23","WT_002","WT",1
"620",42,0.832352092,36,226.439018596,0.00367583333102603,FALSE,FALSE,"plated_03-20-23","WT_002","WT",1
"621",43,0.777123617,37,226.439018596,0.00343193333824901,FALSE,FALSE,"plated_03-20-23","WT_002","WT",1
"622",44,28.73624817,1,162.334506858,0.177018729573846,FALSE,FALSE,"plated_03-20-23","WT_003","WT",1
"623",45,27.42579122,2,162.334506858,0.168946157849177,FALSE,FALSE,"plated_03-20-23","WT_003","WT",1
"624",46,22.58233765,3,162.334506858,0.139109903908191,FALSE,FALSE,"plated_03-20-23","WT_003","WT",1
"625",47,20.16501201,4,162.334506858,0.124218888517887,FALSE,FALSE,"plated_03-20-23","WT_003","WT",1
"626",48,17.04541606,5,162.334506858,0.10500180392891,FALSE,FALSE,"plated_03-20-23","WT_003","WT",1
"627",49,13.3254834,6,162.334506858,0.082086573322678,FALSE,FALSE,"plated_03-20-23","WT_003","WT",1
"628",50,8.493131308,7,162.334506858,0.0523187058154509,FALSE,FALSE,"plated_03-20-23","WT_003","WT",1
"629",51,6.580711875,8,162.334506858,0.0405379731171783,FALSE,FALSE,"plated_03-20-23","WT_003","WT",1
"630",52,3.251303508,9,162.334506858,0.0200284189167743,FALSE,FALSE,"plated_03-20-23","WT_003","WT",1
"631",53,2.8418278,10,162.334506858,0.0175059995253249,FALSE,FALSE,"plated_03-20-23","WT_003","WT",1
"632",54,2.676142375,11,162.334506858,0.0164853574683349,FALSE,FALSE,"plated_03-20-23","WT_003","WT",1
"633",55,2.55228475,12,162.334506858,0.0157223796677596,FALSE,FALSE,"plated_03-20-23","WT_003","WT",1
"634",56,2.529408366,13,162.334506858,0.0155814584031266,FALSE,FALSE,"plated_03-20-23","WT_003","WT",1
"635",57,1.719932658,14,162.334506858,0.0105949911161186,FALSE,FALSE,"plated_03-20-23","WT_003","WT",1
"636",58,1.043790283,15,162.334506858,0.0064298731255767,FALSE,FALSE,"plated_03-20-23","WT_003","WT",1
"637",59,0.699018758,16,162.334506858,0.00430603924901474,FALSE,FALSE,"plated_03-20-23","WT_003","WT",1
"638",60,0.666666667,17,162.334506858,0.00410674649465106,FALSE,FALSE,"plated_03-20-23","WT_003","WT",1
"639",61,54.16988933,1,171.53775841,0.315789886915312,FALSE,TRUE,"plated_03-20-23","WT_004","WT",1
"640",62,12.61861471,2,171.53775841,0.0735617325710861,FALSE,FALSE,"plated_03-20-23","WT_004","WT",1
"641",63,11.06829244,3,171.53775841,0.0645239423820917,FALSE,FALSE,"plated_03-20-23","WT_004","WT",1
"642",64,10.06632996,4,171.53775841,0.0586828815609215,FALSE,FALSE,"plated_03-20-23","WT_004","WT",1
"643",65,8.824502158,5,171.53775841,0.0514434969874572,FALSE,FALSE,"plated_03-20-23","WT_004","WT",1
"644",66,6.180711875,6,171.53775841,0.0360312034638298,FALSE,FALSE,"plated_03-20-23","WT_004","WT",1
"645",67,6.093131308,7,171.53775841,0.0355206420118685,FALSE,FALSE,"plated_03-20-23","WT_004","WT",1
"646",68,5.39411255,8,171.53775841,0.0314456280646229,FALSE,FALSE,"plated_03-20-23","WT_004","WT",1
"647",69,4.639865316,9,171.53775841,0.0270486530721129,FALSE,FALSE,"plated_03-20-23","WT_004","WT",1
"648",70,4.538884075,10,171.53775841,0.0264599707788615,FALSE,FALSE,"plated_03-20-23","WT_004","WT",1
"649",71,4.474179891,11,171.53775841,0.0260827699538084,FALSE,FALSE,"plated_03-20-23","WT_004","WT",1
"650",72,3.784636841,12,171.53775841,0.0220629957863514,FALSE,FALSE,"plated_03-20-23","WT_004","WT",1
"651",73,3.761760458,13,171.53775841,0.0219296351594431,FALSE,FALSE,"plated_03-20-23","WT_004","WT",1
"652",74,3.674179891,14,171.53775841,0.0214190737074818,FALSE,FALSE,"plated_03-20-23","WT_004","WT",1
"653",75,3.618951416,15,171.53775841,0.021097112668047,FALSE,FALSE,"plated_03-20-23","WT_004","WT",1
"654",76,3.297056275,16,171.53775841,0.0192205862170564,FALSE,FALSE,"plated_03-20-23","WT_004","WT",1
"655",77,2.975161133,17,171.53775841,0.0173440597602362,FALSE,FALSE,"plated_03-20-23","WT_004","WT",1
"656",78,2.95228475,18,171.53775841,0.0172106991333279,FALSE,FALSE,"plated_03-20-23","WT_004","WT",1
"657",79,2.708494467,19,171.53775841,0.0157894943486804,FALSE,FALSE,"plated_03-20-23","WT_004","WT",1
"658",80,2.676142375,20,171.53775841,0.0156008939361539,FALSE,FALSE,"plated_03-20-23","WT_004","WT",1
"659",81,2.6209139,21,171.53775841,0.0152789328967191,FALSE,FALSE,"plated_03-20-23","WT_004","WT",1
"660",82,2.276142375,22,171.53775841,0.0132690458129906,FALSE,FALSE,"plated_03-20-23","WT_004","WT",1
"661",83,2.097056275,23,171.53775841,0.0122250418475665,FALSE,FALSE,"plated_03-20-23","WT_004","WT",1
"662",84,2.009475708,24,171.53775841,0.0117144803956052,FALSE,FALSE,"plated_03-20-23","WT_004","WT",1
"663",85,1.664704183,25,171.53775841,0.00970459331187666,FALSE,FALSE,"plated_03-20-23","WT_004","WT",1
"664",86,1.287580567,26,171.53775841,0.00750610582145126,FALSE,FALSE,"plated_03-20-23","WT_004","WT",1
"665",87,1.099018758,27,171.53775841,0.00640686207040893,FALSE,FALSE,"plated_03-20-23","WT_004","WT",1
"666",88,0.965685425,28,171.53775841,0.00562957936463104,FALSE,FALSE,"plated_03-20-23","WT_004","WT",1
"667",89,49.27675802,1,98.168542493,0.501960778561154,FALSE,TRUE,"plated_03-20-23","WT_005","WT",1
"668",90,21.05259257,2,98.168542493,0.214453551365512,FALSE,FALSE,"plated_03-20-23","WT_005","WT",1
"669",91,13.52907166,3,98.168542493,0.137814734908229,FALSE,FALSE,"plated_03-20-23","WT_005","WT",1
"670",92,12.64541606,4,98.168542493,0.128813321853095,FALSE,FALSE,"plated_03-20-23","WT_005","WT",1
"671",93,1.664704183,5,98.168542493,0.0169576133120109,FALSE,FALSE,"plated_03-20-23","WT_005","WT",1
"672",94,58.5904665216329,1,108.838460710609,0.538325019842197,FALSE,TRUE,"plated_03-20-23","WT_006","WT",1
"673",95,17.8012890655837,2,108.838460710609,0.163556971950528,FALSE,FALSE,"plated_03-20-23","WT_006","WT",1
"674",96,14.8947570824873,3,108.838460710609,0.136851963774929,FALSE,FALSE,"plated_03-20-23","WT_006","WT",1
"675",97,13.9653487160237,4,108.838460710609,0.128312626114368,FALSE,FALSE,"plated_03-20-23","WT_006","WT",1
"676",98,3.58659932488156,5,108.838460710609,0.0329534183179784,FALSE,FALSE,"plated_03-20-23","WT_006","WT",1
"677",99,24.6297161903299,1,154.229600650093,0.159695130419279,FALSE,FALSE,"plated_03-20-23","WT_008","WT",1
"678",100,20.6509667991878,2,154.229600650093,0.133897557356966,FALSE,FALSE,"plated_03-20-23","WT_008","WT",1
"679",101,18.766974490533,3,154.229600650093,0.121682053324578,FALSE,FALSE,"plated_03-20-23","WT_008","WT",1
"680",102,18.5003078238663,4,154.229600650093,0.119953029417736,FALSE,FALSE,"plated_03-20-23","WT_008","WT",1
"681",103,15.9156709824196,5,154.229600650093,0.103194658582616,FALSE,FALSE,"plated_03-20-23","WT_008","WT",1
"682",104,10.5310341409729,6,154.229600650093,0.0682815367256582,FALSE,FALSE,"plated_03-20-23","WT_008","WT",1
"683",105,9.63790283299492,7,154.229600650093,0.0624906165377477,FALSE,FALSE,"plated_03-20-23","WT_008","WT",1
"684",106,9.23397786612521,8,154.229600650093,0.0598716318216677,FALSE,FALSE,"plated_03-20-23","WT_008","WT",1
"685",107,7.50456949966161,9,154.229600650093,0.0486584252830138,FALSE,FALSE,"plated_03-20-23","WT_008","WT",1
"686",108,7.05881673292724,10,154.229600650093,0.0457682358196717,FALSE,FALSE,"plated_03-20-23","WT_008","WT",1
"687",109,6.893131307978,11,154.229600650093,0.0446939580918499,FALSE,FALSE,"plated_03-20-23","WT_008","WT",1
"688",110,4.90653198309644,12,154.229600650093,0.0318131666192153,FALSE,FALSE,"plated_03-20-23","WT_008","WT",1
"689",111,65.8211928387395,1,77.0322943214975,0.854462318933823,TRUE,TRUE,"plated_03-20-23","WT_009","WT",1
"690",112,11.211101482758,2,77.0322943214975,0.145537681066177,FALSE,FALSE,"plated_03-20-23","WT_009","WT",1
"691",113,28.6983453404315,1,99.512024954357,0.288390728191839,FALSE,FALSE,"plated_03-20-23","WT_010","WT",1
"692",114,19.4548917660575,2,99.512024954357,0.195502923138996,FALSE,FALSE,"plated_03-20-23","WT_010","WT",1
"693",115,13.3160076913452,3,99.512024954357,0.133813051211176,FALSE,FALSE,"plated_03-20-23","WT_010","WT",1
"694",116,4.56176045807952,4,99.512024954357,0.0458412986789472,FALSE,FALSE,"plated_03-20-23","WT_010","WT",1
"695",117,3.61895141649746,5,99.512024954357,0.0363669759323796,FALSE,FALSE,"plated_03-20-23","WT_010","WT",1
"696",118,3.25130350811337,6,99.512024954357,0.0326724685745731,FALSE,FALSE,"plated_03-20-23","WT_010","WT",1
"697",119,3.18659932488156,7,99.512024954357,0.0320222538566887,FALSE,FALSE,"plated_03-20-23","WT_010","WT",1
"698",120,2.65326599154822,8,99.512024954357,0.0266627675676903,FALSE,FALSE,"plated_03-20-23","WT_010","WT",1
"699",121,2.0970562748477,9,99.512024954357,0.0210733956605702,FALSE,FALSE,"plated_03-20-23","WT_010","WT",1
"700",122,1.68758056659898,10,99.512024954357,0.0169585592030011,FALSE,FALSE,"plated_03-20-23","WT_010","WT",1
"701",123,1.6323520916159,11,99.512024954357,0.0164035662259371,FALSE,FALSE,"plated_03-20-23","WT_010","WT",1
"702",124,1.60947570824873,12,99.512024954357,0.0161736806078154,FALSE,FALSE,"plated_03-20-23","WT_010","WT",1
"703",125,1.58659932488155,13,99.512024954357,0.0159437949896937,FALSE,FALSE,"plated_03-20-23","WT_010","WT",1
"704",126,1.57712361663283,14,99.512024954357,0.0158485732488733,FALSE,FALSE,"plated_03-20-23","WT_010","WT",1
"705",127,1.49901875828258,15,99.512024954357,0.0150636946536876,FALSE,FALSE,"plated_03-20-23","WT_010","WT",1
"706",128,1.49901875828257,16,99.512024954357,0.0150636946536875,FALSE,FALSE,"plated_03-20-23","WT_010","WT",1
"707",129,1.39803751656514,17,99.512024954357,0.0140489304403802,FALSE,FALSE,"plated_03-20-23","WT_010","WT",1
"708",130,1.28758056659899,18,99.512024954357,0.0129389444862524,FALSE,FALSE,"plated_03-20-23","WT_010","WT",1
"709",131,1.28758056659899,19,99.512024954357,0.0129389444862524,FALSE,FALSE,"plated_03-20-23","WT_010","WT",1
"710",132,1.2,20,99.512024954357,0.0120588441502461,FALSE,FALSE,"plated_03-20-23","WT_010","WT",1
"711",133,1.17712361663283,21,99.512024954357,0.0118289585321245,FALSE,FALSE,"plated_03-20-23","WT_010","WT",1
"712",134,0.64379028329949,22,99.512024954357,0.00646947224312615,FALSE,FALSE,"plated_03-20-23","WT_010","WT",1
"713",135,0.588561808316411,23,99.512024954357,0.00591447926606222,FALSE,FALSE,"plated_03-20-23","WT_010","WT",1
"714",136,22.6872438576734,1,37.3555362988493,0.607332837525672,FALSE,FALSE,"plated_03-20-23","WT_011","WT",1
"715",137,14.6682924411759,2,37.3555362988493,0.392667162474328,FALSE,FALSE,"plated_03-20-23","WT_011","WT",1
"716",138,37.8826454729526,1,183.910957057462,0.205983624244402,FALSE,FALSE,"plated_03-20-23","WT_013","WT",1
"717",139,26.2012890655837,2,183.910957057462,0.142467254179952,FALSE,FALSE,"plated_03-20-23","WT_013","WT",1
"718",140,24.4450793488832,3,183.910957057462,0.1329180150003,FALSE,FALSE,"plated_03-20-23","WT_013","WT",1
"719",141,23.978075973291,4,183.910957057462,0.130378724339949,FALSE,FALSE,"plated_03-20-23","WT_013","WT",1
"720",142,21.9748244242724,5,183.910957057462,0.119486216459667,FALSE,FALSE,"plated_03-20-23","WT_013","WT",1
"721",143,16.6509667991878,6,183.910957057462,0.0905381988414388,FALSE,FALSE,"plated_03-20-23","WT_013","WT",1
"722",144,12.1539105243401,7,183.910957057462,0.0660858424033032,FALSE,FALSE,"plated_03-20-23","WT_013","WT",1
"723",145,5.84934102467851,8,183.910957057462,0.0318052883757813,FALSE,FALSE,"plated_03-20-23","WT_013","WT",1
"724",146,4.1846368414467,9,183.910957057462,0.0227536026585911,FALSE,FALSE,"plated_03-20-23","WT_013","WT",1
"725",147,2.7408465581472,10,183.910957057462,0.0149031172584831,FALSE,FALSE,"plated_03-20-23","WT_013","WT",1
"726",148,2.27614237491539,11,183.910957057462,0.0123763282587031,FALSE,FALSE,"plated_03-20-23","WT_013","WT",1
"727",149,1.95424723326565,12,183.910957057462,0.0106260511311192,FALSE,FALSE,"plated_03-20-23","WT_013","WT",1
"728",150,1.60947570824873,13,183.910957057462,0.00875138563791966,FALSE,FALSE,"plated_03-20-23","WT_013","WT",1
"729",151,1.04379028329949,14,183.910957057462,0.00567551982763793,FALSE,FALSE,"plated_03-20-23","WT_013","WT",1
"730",152,0.965685424949237,15,183.910957057462,0.00525083138275179,FALSE,FALSE,"plated_03-20-23","WT_013","WT",1
"731",153,93.34566611,1,388.339547572,0.240371259362126,TRUE,TRUE,"plated_03-20-23","WT_014","WT",1
"732",154,37.09049541,2,388.339547572,0.0955104769573417,FALSE,FALSE,"plated_03-20-23","WT_014","WT",1
"733",155,34.84670512,3,388.339547572,0.0897325686705634,FALSE,FALSE,"plated_03-20-23","WT_014","WT",1
"734",156,28.78985087,4,388.339547572,0.074135768684909,FALSE,FALSE,"plated_03-20-23","WT_014","WT",1
"735",157,24.41272726,5,388.339547572,0.0628643861091015,FALSE,FALSE,"plated_03-20-23","WT_014","WT",1
"736",158,19.81076477,6,388.339547572,0.0510140285579001,FALSE,FALSE,"plated_03-20-23","WT_014","WT",1
"737",159,18.25651754,7,388.339547572,0.0470117392218859,FALSE,FALSE,"plated_03-20-23","WT_014","WT",1
"738",160,15.06436747,8,388.339547572,0.0387917418253854,FALSE,FALSE,"plated_03-20-23","WT_014","WT",1
"739",161,12.69671957,9,388.339547572,0.032694892007222,FALSE,FALSE,"plated_03-20-23","WT_014","WT",1
"740",162,12.53495911,10,388.339547572,0.0322783481321226,FALSE,FALSE,"plated_03-20-23","WT_014","WT",1
"741",163,12.37482442,11,388.339547572,0.0318659907222188,FALSE,FALSE,"plated_03-20-23","WT_014","WT",1
"742",164,12.20358826,12,388.339547572,0.0314250462933791,FALSE,FALSE,"plated_03-20-23","WT_014","WT",1
"743",165,11.30815776,13,388.339547572,0.0291192535777042,FALSE,FALSE,"plated_03-20-23","WT_014","WT",1
"744",166,10.95391052,14,388.339547572,0.0282070435228312,FALSE,FALSE,"plated_03-20-23","WT_014","WT",1
"745",167,9.43594035,15,388.339547572,0.0242981700138344,FALSE,FALSE,"plated_03-20-23","WT_014","WT",1
"746",168,8.460779216,16,388.339547572,0.0217870656462856,FALSE,FALSE,"plated_03-20-23","WT_014","WT",1
"747",169,7.757835491,17,388.339547572,0.0199769390975089,FALSE,FALSE,"plated_03-20-23","WT_014","WT",1
"748",170,6.363722942,18,388.339547572,0.0163870071482229,FALSE,FALSE,"plated_03-20-23","WT_014","WT",1
"749",171,4.272217408,19,388.339547572,0.0110012421725035,FALSE,FALSE,"plated_03-20-23","WT_014","WT",1
"750",172,3.674179891,20,388.339547572,0.0094612560424812,FALSE,FALSE,"plated_03-20-23","WT_014","WT",1
"751",173,2.887580567,21,388.339547572,0.00743571079755823,FALSE,FALSE,"plated_03-20-23","WT_014","WT",1
"752",174,1.798037517,22,388.339547572,0.00463006543691416,FALSE,FALSE,"plated_03-20-23","WT_014","WT",1
"753",175,34.2731697647038,1,109.301539119332,0.313565298721783,FALSE,FALSE,"plated_03-20-23","WT_015","WT",1
"754",176,15.8927945990524,2,109.301539119332,0.14540320957147,FALSE,FALSE,"plated_03-20-23","WT_015","WT",1
"755",177,14.3101202410406,3,109.301539119332,0.130923318704756,FALSE,FALSE,"plated_03-20-23","WT_015","WT",1
"756",178,12.6414910909391,4,109.301539119332,0.115657027273308,FALSE,FALSE,"plated_03-20-23","WT_015","WT",1
"757",179,11.123520916159,5,109.301539119332,0.101769115108386,FALSE,FALSE,"plated_03-20-23","WT_015","WT",1
"758",180,10.9901875828257,6,109.301539119332,0.10054924817506,FALSE,FALSE,"plated_03-20-23","WT_015","WT",1
"759",181,10.0702549246108,7,109.301539119332,0.0921327824452359,FALSE,FALSE,"plated_03-20-23","WT_015","WT",1
